﻿{
  "$schema": "https://json-schema.org/draft/2020-12/schema",
  "title": "Vendor Information",
  "description": "Information about a vendor",
  "type": "object",
  "properties": {
    "VendorTaxID": {
      "type": "string",
      "description": "The tax identification number of the vendor"
    },
    "VendorName": {
      "type": "string",
      "description": "The name of the vendor"
    },
    "VendorStreetAddress": {
      "type": "string",
      "description": "The street address of the vendor"
    },
    "VendorCountry": {
      "type": "string",
      "description": "The country where the vendor is located"
    },
    "VendorCity": {
      "type": "string",
      "description": "The city where the vendor is located"
    }
  },
  "required": ["VendorTaxID", "VendorName", "VendorStreetAddress", "VendorCountry", "VendorCity"],
  "additionalProperties": false
}
