{
  "GenerateCrossPlatformAttributes": false,
  "GenerateSelectorsForInnerElements": true,
  "Connections": [
    {
      "Name": "MyFirstAndroidDevice",
      "Description": null,
      "Url": "https://oauth-rpaedu3-1900c:1878ad9c-ffe5-4047-8615-f217ffe5e039@ondemand.us-west-1.saucelabs.com:443/wd/hub",
      "PlatformName": "Android",
      "PlatformVersion": "11.0",
      "DeviceName": "Google Pixel 3 XL GoogleAPI Emulator",
      "SingleInstance": null,
      "WaitForPageUpdate": true,
      "Capabilities": {
        "newCommandTimeout": "0"
      },
      "GeoLocation": {
        "Latitude": 37.56817787136585,
        "Longitude": 126.9923759438121,
        "Altitude": 0.0
      },
      "LoggingModel": {
        "LoggingEnabled": false,
        "VideoRecordingEnabled": false,
        "RecordingTimeLimit": 600,
        "VideoQuality": 1,
        "CollectScreenshot": 0,
        "CollectPageSource": 0
      },
      "HttpHeaders": {},
      "CvServer": null,
      "CvApiKey": null,
      "CvUseLocalServer": false
    },
    {
      "Name": "MyFirstiOSDevice",
      "Description": null,
      "Url": "https://oauth-rpaedu3-1900c:1878ad9c-ffe5-4047-8615-f217ffe5e039@ondemand.us-west-1.saucelabs.com:443/wd/hub",
      "PlatformName": "iOS",
      "PlatformVersion": "15.0",
      "DeviceName": "iPhone 8 Plus Simulator",
      "SingleInstance": null,
      "WaitForPageUpdate": true,
      "Capabilities": {
        "newCommandTimeout": "0"
      },
      "GeoLocation": null,
      "LoggingModel": {
        "LoggingEnabled": false,
        "VideoRecordingEnabled": false,
        "RecordingTimeLimit": 600,
        "VideoQuality": 1,
        "CollectScreenshot": 0,
        "CollectPageSource": 0
      },
      "HttpHeaders": {},
      "CvServer": null,
      "CvApiKey": null,
      "CvUseLocalServer": false
    }
  ],
  "Applications": [
    {
      "$id": "1",
      "Name": "TheApp",
      "Description": null,
      "Type": "App",
      "Platforms": {
        "Android": {
          "Capabilities": {
            "app": "https://uipathtestappsto.blob.core.windows.net/testapps/TheApp.apk",
            "appActivity": ".MainActivity",
            "appPackage": "io.cloudgrey.the_app"
          },
          "StartPage": null
        },
        "iOS": {
          "Capabilities": {
            "app": "https://uipathtestappsto.blob.core.windows.net/testapps/TheApp.ipa"
          },
          "StartPage": null
        }
      }
    },
    {
      "$id": "2",
      "Name": "UiBank Loans",
      "Description": null,
      "Type": "Web",
      "Platforms": {
        "Android": {
          "Capabilities": {
            "browserName": "Chrome"
          },
          "StartPage": "https://uibank.uipath.com/loans"
        },
        "iOS": {
          "Capabilities": {
            "browserName": "Safari"
          },
          "StartPage": "https://uibank.uipath.com/loans"
        }
      }
    }
  ],
  "NormalizeSliderValue": false,
  "IdsMaxAllowedLength": 40,
  "LogsPath": "%TEMP%\\UiPath Mobile Automation Logs",
  "Variables": {},
  "HttpHeaders": {}
}