{
  "Workflows": [
    {
      "Path": null,
      "SortBy": 0,
      "VariablesSectionElementsOrder": [],
      "ArgumentsSectionElementsOrder": null,
      "ConstantsSectionElementsOrder": [],
      "AddedNamespaces": null
    },
    {
      "Path": "07.Mocking/Main.xaml",
      "SortBy": 0,
      "VariablesSectionElementsOrder": [
        "TransactionItem&StateMachine_1",
        "SystemException&StateMachine_1",
        "BusinessException&StateMachine_1",
        "TransactionNumber&StateMachine_1",
        "Config&StateMachine_1",
        "RetryNumber&StateMachine_1",
        "TransactionField2&StateMachine_1",
        "TransactionField1&StateMachine_1",
        "TransactionID&StateMachine_1",
        "dt_TransactionData&StateMachine_1",
        "ConsecutiveSystemExceptions&StateMachine_1",
        "ShouldStop&Sequence_25"
      ],
      "ArgumentsSectionElementsOrder": [
        "in_OrchestratorQueueName",
        "in_OrchestratorQueueFolder"
      ],
      "ConstantsSectionElementsOrder": [],
      "AddedNamespaces": null
    },
    {
      "Path": "Workflows/03.TestExplorer/LoanQualificationTestCase.xaml",
      "SortBy": 0,
      "VariablesSectionElementsOrder": [],
      "ArgumentsSectionElementsOrder": [
        "Name",
        "LoanAmount",
        "YearlyIncome",
        "Age",
        "ExistingCustomer",
        "Country"
      ],
      "ConstantsSectionElementsOrder": [],
      "AddedNamespaces": null
    },
    {
      "Path": "Workflows/03.TestExplorer/ProcessTestCase.xaml",
      "SortBy": 0,
      "VariablesSectionElementsOrder": [
        "Config&Sequence_1",
        "TransactionItem&Sequence_1",
        "TransactionNumber&Sequence_1"
      ],
      "ArgumentsSectionElementsOrder": [],
      "ConstantsSectionElementsOrder": [],
      "AddedNamespaces": null
    },
    {
      "Path": "Workflows/04.DataDrivenTestCase/AddVendorFields.xaml",
      "SortBy": 0,
      "VariablesSectionElementsOrder": [],
      "ArgumentsSectionElementsOrder": [
        "VendorTaxID",
        "Name",
        "Country",
        "City",
        "Address"
      ],
      "ConstantsSectionElementsOrder": [],
      "AddedNamespaces": null
    },
    {
      "Path": "Workflows/05.AutomaticRPATestDataCreation/LoanQualificationAutogenerateTestCase.xaml",
      "SortBy": 0,
      "VariablesSectionElementsOrder": [],
      "ArgumentsSectionElementsOrder": [],
      "ConstantsSectionElementsOrder": [],
      "AddedNamespaces": null
    },
    {
      "Path": "Workflows/06.UiPathTestDataManagement/GetDataserviceEntry.xaml",
      "SortBy": 0,
      "VariablesSectionElementsOrder": [
        "EntityValues&Sequence_2",
        "EntryType&Sequence_2",
        "FirstEntry&Sequence_2",
        "dt_InvoiceData&Sequence_2",
        "EntryList&Sequence_1",
        "EntryCount&Sequence_1",
        "DataIsValid&Sequence_1"
      ],
      "ArgumentsSectionElementsOrder": [
        "out_invoiceDataRow"
      ],
      "ConstantsSectionElementsOrder": [],
      "AddedNamespaces": null
    },
    {
      "Path": "MainTestCase.xaml",
      "SortBy": 0,
      "VariablesSectionElementsOrder": [],
      "ArgumentsSectionElementsOrder": [],
      "ConstantsSectionElementsOrder": [],
      "AddedNamespaces": null
    },
    {
      "Path": "Framework/Process.xaml",
      "SortBy": 0,
      "VariablesSectionElementsOrder": [
        "isInvoiceDataValid&Sequence_1"
      ],
      "ArgumentsSectionElementsOrder": [
        "in_TransactionItem",
        "in_Config"
      ],
      "ConstantsSectionElementsOrder": [],
      "AddedNamespaces": null
    },
    {
      "Path": "Workflows/04.DataDrivenTestCase/AddVendorFieldsNegativeTestCase.xaml",
      "SortBy": 0,
      "VariablesSectionElementsOrder": [
        "VendorStreetAddress&Sequence_1",
        "VendorCity&Sequence_1",
        "VendorCountry&Sequence_1",
        "VendorAddress&Sequence_2",
        "VendorName&Sequence_1",
        "TaxIDSuffix&Sequence_1",
        "TaxID&Sequence_1",
        "TaxIDPrefix&Sequence_1"
      ],
      "ArgumentsSectionElementsOrder": [],
      "ConstantsSectionElementsOrder": [],
      "AddedNamespaces": null
    },
    {
      "Path": "Workflows/01.SimpleTestCase/ValidateInvoiceData.xaml",
      "SortBy": 0,
      "VariablesSectionElementsOrder": [
        "VendorIsValid&Sequence_1",
        "CurrencyIsValid&Sequence_1"
      ],
      "ArgumentsSectionElementsOrder": [
        "in_invoiceDataRow",
        "out_dataIsValid"
      ],
      "ConstantsSectionElementsOrder": [],
      "AddedNamespaces": null
    },
    {
      "Path": "Workflows/04.DataDrivenTestCase/AddVendorFieldsTestCase.xaml",
      "SortBy": 0,
      "VariablesSectionElementsOrder": [
        "VendorAddress&Sequence_7",
        "TaxIDPrefix&Sequence_7",
        "TaxID&Sequence_7",
        "TaxIDSuffix&Sequence_7",
        "VendorName&Sequence_7",
        "VendorCountry&Sequence_7",
        "VendorCity&Sequence_7",
        "VendorStreetAddress&Sequence_7"
      ],
      "ArgumentsSectionElementsOrder": [],
      "ConstantsSectionElementsOrder": [],
      "AddedNamespaces": null
    },
    {
      "Path": "Workflows/06.UiPathTestDataManagement/06.2.TestDataQueue/TestDataQueueDispatcher.xaml",
      "SortBy": 0,
      "VariablesSectionElementsOrder": [
        "Config&Sequence_1",
        "VendorStreetAddress&Sequence_1",
        "VendorCity&Sequence_1",
        "VendorCountry&Sequence_1",
        "VendorName&Sequence_1",
        "TaxID&Sequence_1"
      ],
      "ArgumentsSectionElementsOrder": [],
      "ConstantsSectionElementsOrder": [],
      "AddedNamespaces": null
    },
    {
      "Path": "Workflows/06.UiPathTestDataManagement/06.1.SyntheticData/AddVendorFields.xaml",
      "SortBy": 0,
      "VariablesSectionElementsOrder": [],
      "ArgumentsSectionElementsOrder": [
        "Address",
        "City",
        "Country",
        "Name",
        "VendorTaxID"
      ],
      "ConstantsSectionElementsOrder": [],
      "AddedNamespaces": null
    },
    {
      "Path": "Workflows/06.UiPathTestDataManagement/06.1.SyntheticData/AddVendorFieldsTestCase.xaml",
      "SortBy": 0,
      "VariablesSectionElementsOrder": [
        "Config&Sequence_7"
      ],
      "ArgumentsSectionElementsOrder": [],
      "ConstantsSectionElementsOrder": [],
      "AddedNamespaces": null
    },
    {
      "Path": "Workflows/06.UiPathTestDataManagement/06.3.TDQDataDriven/AddInvoiceFields.xaml",
      "SortBy": 0,
      "VariablesSectionElementsOrder": [],
      "ArgumentsSectionElementsOrder": [
        "VendorTaxID",
        "InvoiceDate",
        "InvoiceCurrency",
        "ItemDescription",
        "UntaxedAmount",
        "TaxAmount",
        "TotalAmount",
        "InvoiceNumber"
      ],
      "ConstantsSectionElementsOrder": [],
      "AddedNamespaces": null
    },
    {
      "Path": ".local/generated/.setup/Generated - Setup_AcmeInvoiceQueue.xaml",
      "SortBy": 0,
      "VariablesSectionElementsOrder": [
        "testDataQueueName&Sequence_1",
        "folderPath&Sequence_1",
        "argumentIdentifier&Sequence_1",
        "filters_skip&Sequence_1",
        "filters_top&Sequence_1",
        "items&Sequence_1",
        "tempFolderPath&Sequence_1",
        "fileName&Sequence_1",
        "jsonFilePath&Sequence_1"
      ],
      "ArgumentsSectionElementsOrder": [],
      "ConstantsSectionElementsOrder": [],
      "AddedNamespaces": null
    },
    {
      "Path": "Workflows/03.TestExplorer/LoanQualification.xaml",
      "SortBy": 0,
      "VariablesSectionElementsOrder": [],
      "ArgumentsSectionElementsOrder": [
        "Name",
        "LoanAmount",
        "YearlyIncome",
        "Age",
        "ExistingCustomer",
        "Country"
      ],
      "ConstantsSectionElementsOrder": [],
      "AddedNamespaces": null
    },
    {
      "Path": "Tests/ReFramework/ProcessTestCase.xaml",
      "SortBy": 0,
      "VariablesSectionElementsOrder": [
        "Config&Sequence_1",
        "TransactionItem&Sequence_1",
        "TransactionNumber&Sequence_1"
      ],
      "ArgumentsSectionElementsOrder": [],
      "ConstantsSectionElementsOrder": [],
      "AddedNamespaces": null
    },
    {
      "Path": "Framework/GetTransactionData.xaml",
      "SortBy": 0,
      "VariablesSectionElementsOrder": [],
      "ArgumentsSectionElementsOrder": [
        "in_TransactionNumber",
        "in_Config",
        "out_TransactionItem",
        "out_TransactionField1",
        "out_TransactionField2",
        "out_TransactionID",
        "io_dt_TransactionData"
      ],
      "ConstantsSectionElementsOrder": [],
      "AddedNamespaces": null
    },
    {
      "Path": "Workflows/02.TestCasesAndUiAutomation/InitAllApplicationsTestCase.xaml",
      "SortBy": 0,
      "VariablesSectionElementsOrder": [
        "Config&Sequence_1"
      ],
      "ArgumentsSectionElementsOrder": [],
      "ConstantsSectionElementsOrder": [],
      "AddedNamespaces": null
    },
    {
      "Path": "Framework/InitAllApplications.xaml",
      "SortBy": 0,
      "VariablesSectionElementsOrder": [
        "Password&Sequence_9",
        "Username&Sequence_9"
      ],
      "ArgumentsSectionElementsOrder": [
        "in_Config"
      ],
      "ConstantsSectionElementsOrder": [],
      "AddedNamespaces": null
    },
    {
      "Path": "Workflows/04.DataDrivenTestCase/ValidateInvoiceData.xaml",
      "SortBy": 0,
      "VariablesSectionElementsOrder": [
        "VendorIsValid&Sequence_1",
        "CurrencyIsValid&Sequence_1"
      ],
      "ArgumentsSectionElementsOrder": [
        "in_invoiceDataRow",
        "out_dataIsValid"
      ],
      "ConstantsSectionElementsOrder": [],
      "AddedNamespaces": null
    },
    {
      "Path": "06.TestExplorer/ProcessTestCase.xaml",
      "SortBy": 0,
      "VariablesSectionElementsOrder": [
        "Config&Sequence_1",
        "TransactionItem&Sequence_1",
        "TransactionNumber&Sequence_1"
      ],
      "ArgumentsSectionElementsOrder": [],
      "ConstantsSectionElementsOrder": [],
      "AddedNamespaces": null
    },
    {
      "Path": "01.SimpleTestCase/CalculateInvoiceTotal.xaml",
      "SortBy": 0,
      "VariablesSectionElementsOrder": [
        "VendorIsValid&Sequence_1",
        "CurrencyIsValid&Sequence_1"
      ],
      "ArgumentsSectionElementsOrder": [
        "in_InvoiceTax",
        "in_InvoiceAmount",
        "out_InvoiceTotal"
      ],
      "ConstantsSectionElementsOrder": [],
      "AddedNamespaces": null
    },
    {
      "Path": "Framework/CloseAllApplications.xaml",
      "SortBy": 0,
      "VariablesSectionElementsOrder": [],
      "ArgumentsSectionElementsOrder": [],
      "ConstantsSectionElementsOrder": [],
      "AddedNamespaces": null
    },
    {
      "Path": "Framework/InitAllSettings.xaml",
      "SortBy": 0,
      "VariablesSectionElementsOrder": [
        "dt_SettingsAndConstants&Sequence_5",
        "dt_Assets&Sequence_6",
        "AssetValue&Sequence_11"
      ],
      "ArgumentsSectionElementsOrder": [
        "in_ConfigFile",
        "in_ConfigSheets",
        "out_Config"
      ],
      "ConstantsSectionElementsOrder": [],
      "AddedNamespaces": null
    },
    {
      "Path": "05.UiPathTestDataManagement/05.3.TDQDataDriven/AddInvoiceFields.xaml",
      "SortBy": 0,
      "VariablesSectionElementsOrder": [],
      "ArgumentsSectionElementsOrder": [
        "InvoiceNumber",
        "VendorTaxID",
        "InvoiceDate",
        "InvoiceCurrency",
        "ItemDescription",
        "UntaxedAmount",
        "TaxAmount",
        "TotalAmount"
      ],
      "ConstantsSectionElementsOrder": [],
      "AddedNamespaces": null
    },
    {
      "Path": "Tests/InitAllApplicationsTestCase.xaml",
      "SortBy": 0,
      "VariablesSectionElementsOrder": [
        "Config&Sequence_1"
      ],
      "ArgumentsSectionElementsOrder": [],
      "ConstantsSectionElementsOrder": [],
      "AddedNamespaces": null
    },
    {
      "Path": "02.TestCasesAndUiAutomation/InitAllApplicationsTestCase.xaml",
      "SortBy": 0,
      "VariablesSectionElementsOrder": [
        "Config&Sequence_1"
      ],
      "ArgumentsSectionElementsOrder": [],
      "ConstantsSectionElementsOrder": [],
      "AddedNamespaces": null
    },
    {
      "Path": "03.DataDrivenTestCase/ValidateInvoiceData.xaml",
      "SortBy": 0,
      "VariablesSectionElementsOrder": [
        "VendorIsValid&Sequence_1",
        "CurrencyIsValid&Sequence_1"
      ],
      "ArgumentsSectionElementsOrder": [
        "out_dataIsValid",
        "in_Vendor",
        "in_Month",
        "in_Currency",
        "in_Tax",
        "in_Amount",
        "in_Total"
      ],
      "ConstantsSectionElementsOrder": [],
      "AddedNamespaces": null
    },
    {
      "Path": "04.AutomaticRPATestDataCreation/LoanQualification(AutoDataCreation).xaml",
      "SortBy": 0,
      "VariablesSectionElementsOrder": [],
      "ArgumentsSectionElementsOrder": [
        "Name",
        "LoanAmount",
        "YearlyIncome",
        "Age",
        "ExistingCustomer",
        "Country"
      ],
      "ConstantsSectionElementsOrder": [],
      "AddedNamespaces": null
    },
    {
      "Path": "05.UiPathTestDataManagement/05.1.SyntheticData/AddVendorFields.xaml",
      "SortBy": 0,
      "VariablesSectionElementsOrder": [],
      "ArgumentsSectionElementsOrder": [
        "Address",
        "City",
        "Country",
        "Name",
        "VendorTaxID"
      ],
      "ConstantsSectionElementsOrder": [],
      "AddedNamespaces": null
    },
    {
      "Path": "Tests/MainTestCase.xaml",
      "SortBy": 0,
      "VariablesSectionElementsOrder": [
        "StatusFileName&Sequence_1",
        "ExpectedDataFileName&Sequence_1",
        "dt_ResultsData&Sequence_4",
        "dt_ExpectedData&Sequence_4"
      ],
      "ArgumentsSectionElementsOrder": [],
      "ConstantsSectionElementsOrder": [],
      "AddedNamespaces": null
    },
    {
      "Path": "05.UiPathTestDataManagement/05.4.DataServiceDataDriven/AddInvoiceFieldsTestCase(Dataservice).xaml",
      "SortBy": 0,
      "VariablesSectionElementsOrder": [
        "ItemDescription&Sequence_1",
        "Config&Sequence_2"
      ],
      "ArgumentsSectionElementsOrder": [
        "acmeInvoiceQueue",
        "invoice"
      ],
      "ConstantsSectionElementsOrder": [],
      "AddedNamespaces": null
    },
    {
      "Path": "05.UiPathTestDataManagement/05.3.TDQDataDriven/AddInvoiceFieldsTestCase(TDQ).xaml",
      "SortBy": 0,
      "VariablesSectionElementsOrder": [
        "ItemDescription&Sequence_1"
      ],
      "ArgumentsSectionElementsOrder": [
        "acmeInvoiceQueue"
      ],
      "ConstantsSectionElementsOrder": [],
      "AddedNamespaces": null
    },
    {
      "Path": "05.UiPathTestDataManagement/05.2.TestDataQueue/TestDataQueueDispatcher.xaml",
      "SortBy": 0,
      "VariablesSectionElementsOrder": [
        "Config&Sequence_1",
        "VendorStreetAddress&Sequence_1",
        "VendorCity&Sequence_1",
        "VendorCountry&Sequence_1",
        "VendorName&Sequence_1",
        "TaxID&Sequence_1"
      ],
      "ArgumentsSectionElementsOrder": [],
      "ConstantsSectionElementsOrder": [],
      "AddedNamespaces": null
    },
    {
      "Path": "05.UiPathTestDataManagement/05.1.SyntheticData/GenerateVendorData.xaml",
      "SortBy": 0,
      "VariablesSectionElementsOrder": [
        "TaxIDPrefix&Sequence_10",
        "TaxIDSuffix&Sequence_10",
        "VendorAddress&Sequence_10"
      ],
      "ArgumentsSectionElementsOrder": [
        "TaxID",
        "VendorName",
        "VendorStreetAddress",
        "VendorCountry",
        "VendorCity"
      ],
      "ConstantsSectionElementsOrder": [],
      "AddedNamespaces": null
    },
    {
      "Path": "01.SimpleTestCase/CalculateInvoiceTotalTestCase.xaml",
      "SortBy": 0,
      "VariablesSectionElementsOrder": [
        "ExpectedTotal&Sequence_1",
        "Amount&Sequence_1",
        "Tax&Sequence_1",
        "Total&Sequence_1"
      ],
      "ArgumentsSectionElementsOrder": [],
      "ConstantsSectionElementsOrder": [],
      "AddedNamespaces": null
    },
    {
      "Path": "03.DataDrivenTestCase/ValidateInvoiceDataTestCase.xaml",
      "SortBy": 0,
      "VariablesSectionElementsOrder": [
        "IsInvoiceDataValid&Sequence_1"
      ],
      "ArgumentsSectionElementsOrder": [
        "Vendor",
        "Month",
        "Amount",
        "Tax",
        "Total",
        "Currency",
        "ExpectedResult"
      ],
      "ConstantsSectionElementsOrder": [],
      "AddedNamespaces": null
    },
    {
      "Path": "04.AutomaticRPATestDataCreation/LoanQualificationAutogenerateTestCase.xaml",
      "SortBy": 0,
      "VariablesSectionElementsOrder": [],
      "ArgumentsSectionElementsOrder": [
        "Name",
        "LoanAmount",
        "YearlyIncome",
        "Age",
        "ExistingCustomer",
        "Country"
      ],
      "ConstantsSectionElementsOrder": [],
      "AddedNamespaces": null
    },
    {
      "Path": "05.UiPathTestDataManagement/05.1.SyntheticData/AddVendorFieldsTestCase.xaml",
      "SortBy": 0,
      "VariablesSectionElementsOrder": [
        "VendorStreetAddress&Sequence_1",
        "VendorCity&Sequence_1",
        "VendorCountry&Sequence_1",
        "VendorName&Sequence_1",
        "TaxID&Sequence_1",
        "VendorAddress&Sequence_7",
        "TaxIDPrefix&Sequence_7",
        "TaxIDSuffix&Sequence_7",
        "Config&Sequence_7"
      ],
      "ArgumentsSectionElementsOrder": [],
      "ConstantsSectionElementsOrder": [],
      "AddedNamespaces": null
    },
    {
      "Path": "06.TestExplorer/LoanQualificationTestCase.xaml",
      "SortBy": 0,
      "VariablesSectionElementsOrder": [],
      "ArgumentsSectionElementsOrder": [
        "Name",
        "LoanAmount",
        "YearlyIncome",
        "Age",
        "ExistingCustomer",
        "Country"
      ],
      "ConstantsSectionElementsOrder": [],
      "AddedNamespaces": null
    },
    {
      "Path": "Main.xaml",
      "SortBy": 0,
      "VariablesSectionElementsOrder": [
        "TransactionItem&StateMachine_1",
        "SystemException&StateMachine_1",
        "BusinessException&StateMachine_1",
        "TransactionNumber&StateMachine_1",
        "Config&StateMachine_1",
        "RetryNumber&StateMachine_1",
        "TransactionField2&StateMachine_1",
        "TransactionField1&StateMachine_1",
        "TransactionID&StateMachine_1",
        "dt_TransactionData&StateMachine_1",
        "ConsecutiveSystemExceptions&StateMachine_1",
        "ShouldStop&Sequence_25"
      ],
      "ArgumentsSectionElementsOrder": [
        "in_OrchestratorQueueName",
        "in_OrchestratorQueueFolder"
      ],
      "ConstantsSectionElementsOrder": [],
      "AddedNamespaces": null
    },
    {
      "Path": "02.TestCasesAndUiAutomation/AcmeLogin.xaml",
      "SortBy": 0,
      "VariablesSectionElementsOrder": [
        "AcmeUsername&Sequence_2",
        "AcmePassword&Sequence_2"
      ],
      "ArgumentsSectionElementsOrder": [
        "in_CredentialName"
      ],
      "ConstantsSectionElementsOrder": [],
      "AddedNamespaces": null
    },
    {
      "Path": "07.Mocking/MainTestCase.xaml",
      "SortBy": 0,
      "VariablesSectionElementsOrder": [],
      "ArgumentsSectionElementsOrder": [],
      "ConstantsSectionElementsOrder": [],
      "AddedNamespaces": null
    },
    {
      "Path": "03.DataDrivenTestCase/TC_VaildateInvoiceData.xaml",
      "SortBy": 0,
      "VariablesSectionElementsOrder": [
        "dataisVaild&Sequence_1"
      ],
      "ArgumentsSectionElementsOrder": [
        "Currency",
        "ExpectedResult",
        "Total",
        "Month",
        "Amount",
        "Tax",
        "Vendor"
      ],
      "ConstantsSectionElementsOrder": [],
      "AddedNamespaces": null
    },
    {
      "Path": "04.AutomaticRPATestDataCreation/TC_Loan.xaml",
      "SortBy": 0,
      "VariablesSectionElementsOrder": [],
      "ArgumentsSectionElementsOrder": [
        "Country",
        "ExistingCustomer",
        "Age",
        "YearlyIncome",
        "LoanAmount",
        "Name"
      ],
      "ConstantsSectionElementsOrder": [],
      "AddedNamespaces": null
    },
    {
      "Path": "05.UiPathTestDataManagement/05.1.SyntheticData/TC_AddVendorField.xaml",
      "SortBy": 0,
      "VariablesSectionElementsOrder": [
        "RandomStr&Sequence_5",
        "RandomNum&Sequence_5",
        "RandomAddress&Sequence_5"
      ],
      "ArgumentsSectionElementsOrder": [
        "City",
        "Country",
        "StreetAddress",
        "Name",
        "TaxID"
      ],
      "ConstantsSectionElementsOrder": [],
      "AddedNamespaces": null
    },
    {
      "Path": "05.UiPathTestDataManagement/05.1.SyntheticData/AddData.xaml",
      "SortBy": 0,
      "VariablesSectionElementsOrder": [
        "City&Sequence_2",
        "Country&Sequence_2",
        "StreetAddress&Sequence_2",
        "Name&Sequence_2",
        "TaxID&Sequence_2",
        "DT_New&Sequence_1",
        "RandomStr&Sequence_2",
        "RandomNum&Sequence_2",
        "RandomAddress&Sequence_2"
      ],
      "ArgumentsSectionElementsOrder": [],
      "ConstantsSectionElementsOrder": [],
      "AddedNamespaces": null
    }
  ]
}