{
  "entities": [
    {
      "name": "Invoice",
      "displayName": "Invoice",
      "entityTypeId": 0,
      "entityType": "Entity",
      "description": "ACME System 1 entity for invoice details",
      "fields": [
        {
          "name": "InvoiceNumber",
          "isPrimaryKey": false,
          "isForeignKey": false,
          "isUnique": true,
          "referenceType": "ManyToOne",
          "sqlType": {
            "name": "NVARCHAR",
            "lengthLimit": 200
          },
          "isRequired": true,
          "displayName": "InvoiceNumber",
          "description": "",
          "isSystemField": false,
          "fieldDisplayType": "Basic",
          "isAttachment": false,
          "isRbacEnabled": false,
          "isModelReserved": false
        },
        {
          "name": "Vendor",
          "isPrimaryKey": false,
          "isForeignKey": false,
          "isUnique": false,
          "referenceType": "ManyToOne",
          "sqlType": {
            "name": "NVARCHAR",
            "lengthLimit": 200
          },
          "isRequired": true,
          "displayName": "Vendor",
          "description": "",
          "isSystemField": false,
          "fieldDisplayType": "Basic",
          "isAttachment": false,
          "isRbacEnabled": false,
          "isModelReserved": false
        },
        {
          "name": "Month",
          "isPrimaryKey": false,
          "isForeignKey": false,
          "isUnique": false,
          "referenceType": "ManyToOne",
          "sqlType": {
            "name": "DECIMAL",
            "lengthLimit": 1000,
            "maxValue": 1000000000000,
            "minValue": -1000000000000,
            "decimalPrecision": 2
          },
          "isRequired": true,
          "displayName": "Month",
          "description": "",
          "isSystemField": false,
          "fieldDisplayType": "Basic",
          "isAttachment": false,
          "isRbacEnabled": false,
          "isModelReserved": false
        },
        {
          "name": "Amount",
          "isPrimaryKey": false,
          "isForeignKey": false,
          "isUnique": false,
          "referenceType": "ManyToOne",
          "sqlType": {
            "name": "DECIMAL",
            "lengthLimit": 1000,
            "maxValue": 1000000000000,
            "minValue": -1000000000000,
            "decimalPrecision": 2
          },
          "isRequired": true,
          "displayName": "Amount",
          "description": "",
          "isSystemField": false,
          "fieldDisplayType": "Basic",
          "isAttachment": false,
          "isRbacEnabled": false,
          "isModelReserved": false
        },
        {
          "name": "Tax",
          "isPrimaryKey": false,
          "isForeignKey": false,
          "isUnique": false,
          "referenceType": "ManyToOne",
          "sqlType": {
            "name": "DECIMAL",
            "lengthLimit": 1000,
            "maxValue": 1000000000000,
            "minValue": -1000000000000,
            "decimalPrecision": 2
          },
          "isRequired": true,
          "displayName": "Tax",
          "description": "",
          "isSystemField": false,
          "fieldDisplayType": "Basic",
          "isAttachment": false,
          "isRbacEnabled": false,
          "isModelReserved": false
        },
        {
          "name": "Total",
          "isPrimaryKey": false,
          "isForeignKey": false,
          "isUnique": false,
          "referenceType": "ManyToOne",
          "sqlType": {
            "name": "DECIMAL",
            "lengthLimit": 1000,
            "maxValue": 1000000000000,
            "minValue": -1000000000000,
            "decimalPrecision": 2
          },
          "isRequired": true,
          "displayName": "Total",
          "description": "",
          "isSystemField": false,
          "fieldDisplayType": "Basic",
          "isAttachment": false,
          "isRbacEnabled": false,
          "isModelReserved": false
        },
        {
          "name": "Currency",
          "isPrimaryKey": false,
          "isForeignKey": false,
          "isUnique": false,
          "referenceType": "ManyToOne",
          "sqlType": {
            "name": "NVARCHAR",
            "lengthLimit": 200
          },
          "isRequired": true,
          "displayName": "Currency",
          "description": "",
          "isSystemField": false,
          "fieldDisplayType": "Basic",
          "isAttachment": false,
          "isRbacEnabled": false,
          "isModelReserved": false
        }
      ],
      "isRbacEnabled": false,
      "invalidIdentifiers": [],
      "isModelReserved": false
    },
    {
      "name": "Vendor",
      "displayName": "Vendor",
      "entityTypeId": 0,
      "entityType": "Entity",
      "description": "ACME System 1 entity for vendor details",
      "fields": [
        {
          "name": "VendorTaxID",
          "isPrimaryKey": false,
          "isForeignKey": false,
          "isUnique": true,
          "referenceType": "ManyToOne",
          "sqlType": {
            "name": "NVARCHAR",
            "lengthLimit": 200
          },
          "isRequired": true,
          "displayName": "VendorTaxID",
          "description": "",
          "isSystemField": false,
          "fieldDisplayType": "Basic",
          "isAttachment": false,
          "isRbacEnabled": false,
          "isModelReserved": false
        },
        {
          "name": "VendorName",
          "isPrimaryKey": false,
          "isForeignKey": false,
          "isUnique": false,
          "referenceType": "ManyToOne",
          "sqlType": {
            "name": "NVARCHAR",
            "lengthLimit": 200
          },
          "isRequired": true,
          "displayName": "VendorName",
          "description": "",
          "isSystemField": false,
          "fieldDisplayType": "Basic",
          "isAttachment": false,
          "isRbacEnabled": false,
          "isModelReserved": false
        },
        {
          "name": "VendorStreetAddress",
          "isPrimaryKey": false,
          "isForeignKey": false,
          "isUnique": false,
          "referenceType": "ManyToOne",
          "sqlType": {
            "name": "NVARCHAR",
            "lengthLimit": 200
          },
          "isRequired": true,
          "displayName": "VendorStreetAddress",
          "description": "",
          "isSystemField": false,
          "fieldDisplayType": "Basic",
          "isAttachment": false,
          "isRbacEnabled": false,
          "isModelReserved": false
        },
        {
          "name": "VendorCountry",
          "isPrimaryKey": false,
          "isForeignKey": false,
          "isUnique": false,
          "referenceType": "ManyToOne",
          "sqlType": {
            "name": "NVARCHAR",
            "lengthLimit": 200
          },
          "isRequired": true,
          "displayName": "VendorCountry",
          "description": "",
          "isSystemField": false,
          "fieldDisplayType": "Basic",
          "isAttachment": false,
          "isRbacEnabled": false,
          "isModelReserved": false
        },
        {
          "name": "VendorCity",
          "isPrimaryKey": false,
          "isForeignKey": false,
          "isUnique": false,
          "referenceType": "ManyToOne",
          "sqlType": {
            "name": "NVARCHAR",
            "lengthLimit": 200
          },
          "isRequired": true,
          "displayName": "VendorCity",
          "description": "",
          "isSystemField": false,
          "fieldDisplayType": "Basic",
          "isAttachment": false,
          "isRbacEnabled": false,
          "isModelReserved": false
        }
      ],
      "isRbacEnabled": false,
      "invalidIdentifiers": [],
      "isModelReserved": false
    }
  ],
  "choicesets": []
}