{
  "IsCloudStoreUrl": true,
  "StoreUrl": "https://cloud.uipath.com/msjqwwy/devTenant/dataservice_/entities",
  "TenantName": "devTenant",
  "Entities": [
    {
      "Id": "f5fdf690-7ce7-ee11-aaf0-002248a46b57",
      "Name": "Invoice",
      "DisplayName": "Invoice",
      "Description": "ACME System 1 entity for invoice details",
      "CreateTime": "2024-03-21T12:14:29.903Z",
      "UpdateTime": "2024-03-21T12:14:30.74Z",
      "Fields": [
        {
          "Id": "fffdf690-7ce7-ee11-aaf0-002248a46b57",
          "Name": "InvoiceNumber",
          "DisplayName": "InvoiceNumber",
          "Description": "",
          "CreateTime": "2024-03-21T12:14:30.39Z",
          "UpdateTime": "2024-03-21T12:14:30.39Z",
          "SqlType": {
            "Name": "NVARCHAR",
            "LengthLimit": 200,
            "MaxValue": null,
            "MinValue": null,
            "DecimalPrecision": null
          },
          "IsSystemField": false,
          "IsRequired": true,
          "ReferenceEntity": null,
          "ReferenceType": "ManyToOne",
          "FieldDisplayType": "Basic",
          "ReferenceChoiceSet": null,
          "IsAttachment": false
        },
        {
          "Id": "00fef690-7ce7-ee11-aaf0-002248a46b57",
          "Name": "Vendor",
          "DisplayName": "Vendor",
          "Description": "",
          "CreateTime": "2024-03-21T12:14:30.45Z",
          "UpdateTime": "2024-03-21T12:14:30.45Z",
          "SqlType": {
            "Name": "NVARCHAR",
            "LengthLimit": 200,
            "MaxValue": null,
            "MinValue": null,
            "DecimalPrecision": null
          },
          "IsSystemField": false,
          "IsRequired": true,
          "ReferenceEntity": null,
          "ReferenceType": "ManyToOne",
          "FieldDisplayType": "Basic",
          "ReferenceChoiceSet": null,
          "IsAttachment": false
        },
        {
          "Id": "01fef690-7ce7-ee11-aaf0-002248a46b57",
          "Name": "Month",
          "DisplayName": "Month",
          "Description": "",
          "CreateTime": "2024-03-21T12:14:30.51Z",
          "UpdateTime": "2024-03-21T12:14:30.51Z",
          "SqlType": {
            "Name": "DECIMAL",
            "LengthLimit": 1000,
            "MaxValue": 1000000000000.0,
            "MinValue": -1000000000000.0,
            "DecimalPrecision": 2
          },
          "IsSystemField": false,
          "IsRequired": true,
          "ReferenceEntity": null,
          "ReferenceType": "ManyToOne",
          "FieldDisplayType": "Basic",
          "ReferenceChoiceSet": null,
          "IsAttachment": false
        },
        {
          "Id": "02fef690-7ce7-ee11-aaf0-002248a46b57",
          "Name": "Amount",
          "DisplayName": "Amount",
          "Description": "",
          "CreateTime": "2024-03-21T12:14:30.567Z",
          "UpdateTime": "2024-03-21T12:14:30.567Z",
          "SqlType": {
            "Name": "DECIMAL",
            "LengthLimit": 1000,
            "MaxValue": 1000000000000.0,
            "MinValue": -1000000000000.0,
            "DecimalPrecision": 2
          },
          "IsSystemField": false,
          "IsRequired": true,
          "ReferenceEntity": null,
          "ReferenceType": "ManyToOne",
          "FieldDisplayType": "Basic",
          "ReferenceChoiceSet": null,
          "IsAttachment": false
        },
        {
          "Id": "03fef690-7ce7-ee11-aaf0-002248a46b57",
          "Name": "Tax",
          "DisplayName": "Tax",
          "Description": "",
          "CreateTime": "2024-03-21T12:14:30.623Z",
          "UpdateTime": "2024-03-21T12:14:30.623Z",
          "SqlType": {
            "Name": "DECIMAL",
            "LengthLimit": 1000,
            "MaxValue": 1000000000000.0,
            "MinValue": -1000000000000.0,
            "DecimalPrecision": 2
          },
          "IsSystemField": false,
          "IsRequired": true,
          "ReferenceEntity": null,
          "ReferenceType": "ManyToOne",
          "FieldDisplayType": "Basic",
          "ReferenceChoiceSet": null,
          "IsAttachment": false
        },
        {
          "Id": "04fef690-7ce7-ee11-aaf0-002248a46b57",
          "Name": "Total",
          "DisplayName": "Total",
          "Description": "",
          "CreateTime": "2024-03-21T12:14:30.68Z",
          "UpdateTime": "2024-03-21T12:14:30.68Z",
          "SqlType": {
            "Name": "DECIMAL",
            "LengthLimit": 1000,
            "MaxValue": 1000000000000.0,
            "MinValue": -1000000000000.0,
            "DecimalPrecision": 2
          },
          "IsSystemField": false,
          "IsRequired": true,
          "ReferenceEntity": null,
          "ReferenceType": "ManyToOne",
          "FieldDisplayType": "Basic",
          "ReferenceChoiceSet": null,
          "IsAttachment": false
        },
        {
          "Id": "05fef690-7ce7-ee11-aaf0-002248a46b57",
          "Name": "Currency",
          "DisplayName": "Currency",
          "Description": "",
          "CreateTime": "2024-03-21T12:14:30.737Z",
          "UpdateTime": "2024-03-21T12:14:30.737Z",
          "SqlType": {
            "Name": "NVARCHAR",
            "LengthLimit": 200,
            "MaxValue": null,
            "MinValue": null,
            "DecimalPrecision": null
          },
          "IsSystemField": false,
          "IsRequired": true,
          "ReferenceEntity": null,
          "ReferenceType": "ManyToOne",
          "FieldDisplayType": "Basic",
          "ReferenceChoiceSet": null,
          "IsAttachment": false
        },
        {
          "Id": "991018e5-736e-4b57-a808-3a9a90a19578",
          "Name": "UpdatedBy",
          "DisplayName": "UpdatedBy",
          "Description": "System built-in field",
          "CreateTime": "2024-03-21T12:14:29.963Z",
          "UpdateTime": "2024-03-21T12:14:29.963Z",
          "SqlType": {
            "Name": "UNIQUEIDENTIFIER",
            "LengthLimit": null,
            "MaxValue": null,
            "MinValue": null,
            "DecimalPrecision": null
          },
          "IsSystemField": true,
          "IsRequired": false,
          "ReferenceEntity": {
            "Name": "SystemUser"
          },
          "ReferenceType": "ManyToOne",
          "FieldDisplayType": "Relationship",
          "ReferenceChoiceSet": null,
          "IsAttachment": false
        },
        {
          "Id": "1ef0216a-9ace-454f-816f-3de867366ccd",
          "Name": "UpdateTime",
          "DisplayName": "UpdateTime",
          "Description": "System built-in field",
          "CreateTime": "2024-03-21T12:14:29.963Z",
          "UpdateTime": "2024-03-21T12:14:29.963Z",
          "SqlType": {
            "Name": "DATETIMEOFFSET",
            "LengthLimit": null,
            "MaxValue": null,
            "MinValue": null,
            "DecimalPrecision": null
          },
          "IsSystemField": true,
          "IsRequired": false,
          "ReferenceEntity": null,
          "ReferenceType": "ManyToOne",
          "FieldDisplayType": "Basic",
          "ReferenceChoiceSet": null,
          "IsAttachment": false
        },
        {
          "Id": "8c1a1da7-206c-409f-b42c-6e6d56e7f6de",
          "Name": "Id",
          "DisplayName": "Id",
          "Description": "System built-in field",
          "CreateTime": "2024-03-21T12:14:29.963Z",
          "UpdateTime": "2024-03-21T12:14:29.963Z",
          "SqlType": {
            "Name": "UNIQUEIDENTIFIER",
            "LengthLimit": null,
            "MaxValue": null,
            "MinValue": null,
            "DecimalPrecision": null
          },
          "IsSystemField": true,
          "IsRequired": true,
          "ReferenceEntity": null,
          "ReferenceType": "ManyToOne",
          "FieldDisplayType": "Basic",
          "ReferenceChoiceSet": null,
          "IsAttachment": false
        },
        {
          "Id": "8e011950-34b2-4574-90eb-7a89b259f39c",
          "Name": "CreateTime",
          "DisplayName": "CreateTime",
          "Description": "System built-in field",
          "CreateTime": "2024-03-21T12:14:29.963Z",
          "UpdateTime": "2024-03-21T12:14:29.963Z",
          "SqlType": {
            "Name": "DATETIMEOFFSET",
            "LengthLimit": null,
            "MaxValue": null,
            "MinValue": null,
            "DecimalPrecision": null
          },
          "IsSystemField": true,
          "IsRequired": true,
          "ReferenceEntity": null,
          "ReferenceType": "ManyToOne",
          "FieldDisplayType": "Basic",
          "ReferenceChoiceSet": null,
          "IsAttachment": false
        },
        {
          "Id": "29474f79-ee6f-493b-8cea-dc77c2f73023",
          "Name": "CreatedBy",
          "DisplayName": "CreatedBy",
          "Description": "System built-in field",
          "CreateTime": "2024-03-21T12:14:29.963Z",
          "UpdateTime": "2024-03-21T12:14:29.963Z",
          "SqlType": {
            "Name": "UNIQUEIDENTIFIER",
            "LengthLimit": null,
            "MaxValue": null,
            "MinValue": null,
            "DecimalPrecision": null
          },
          "IsSystemField": true,
          "IsRequired": true,
          "ReferenceEntity": {
            "Name": "SystemUser"
          },
          "ReferenceType": "ManyToOne",
          "FieldDisplayType": "Relationship",
          "ReferenceChoiceSet": null,
          "IsAttachment": false
        }
      ],
      "RecordCount": 39,
      "EntityType": "Entity"
    },
    {
      "Id": "9da9d8db-c6da-ee11-85f9-0022489f653e",
      "Name": "SystemUser",
      "DisplayName": "System Users",
      "Description": "Contains Automation Cloud users and groups that have ever had roles assigned, or accessed Data Service",
      "CreateTime": "2024-03-05T08:03:36.433Z",
      "UpdateTime": "2024-03-05T08:03:36.433Z",
      "Fields": [
        {
          "Id": "db8ee9b5-2981-40f6-9e3f-24e347773a5c",
          "Name": "IsActive",
          "DisplayName": "IsActive",
          "Description": "System built-in field",
          "CreateTime": "2024-03-05T08:03:36.493Z",
          "UpdateTime": "2024-03-05T08:03:36.493Z",
          "SqlType": {
            "Name": "BIT",
            "LengthLimit": null,
            "MaxValue": null,
            "MinValue": null,
            "DecimalPrecision": null
          },
          "IsSystemField": true,
          "IsRequired": true,
          "ReferenceEntity": null,
          "ReferenceType": "ManyToOne",
          "FieldDisplayType": "Basic",
          "ReferenceChoiceSet": null,
          "IsAttachment": false
        },
        {
          "Id": "c36e8298-9a4f-47e8-9fe1-57345337d7c9",
          "Name": "Type",
          "DisplayName": "Type",
          "Description": "System built-in field",
          "CreateTime": "2024-03-05T08:03:36.493Z",
          "UpdateTime": "2024-03-05T08:03:36.493Z",
          "SqlType": {
            "Name": "INT",
            "LengthLimit": null,
            "MaxValue": 9007199254740991.0,
            "MinValue": -9007199254740991.0,
            "DecimalPrecision": null
          },
          "IsSystemField": true,
          "IsRequired": true,
          "ReferenceEntity": null,
          "ReferenceType": "ManyToOne",
          "FieldDisplayType": "ChoiceSetSingle",
          "ReferenceChoiceSet": {
            "Name": "UserType"
          },
          "IsAttachment": false
        },
        {
          "Id": "9cd24cae-72dc-480e-87b5-6fbdd525cb95",
          "Name": "UpdateTime",
          "DisplayName": "UpdateTime",
          "Description": "System built-in field",
          "CreateTime": "2024-03-05T08:03:36.493Z",
          "UpdateTime": "2024-03-05T08:03:36.493Z",
          "SqlType": {
            "Name": "DATETIMEOFFSET",
            "LengthLimit": null,
            "MaxValue": null,
            "MinValue": null,
            "DecimalPrecision": null
          },
          "IsSystemField": true,
          "IsRequired": false,
          "ReferenceEntity": null,
          "ReferenceType": "ManyToOne",
          "FieldDisplayType": "Basic",
          "ReferenceChoiceSet": null,
          "IsAttachment": false
        },
        {
          "Id": "d74889f7-2e32-4da6-a9f3-9e970718d871",
          "Name": "Email",
          "DisplayName": "E-mail",
          "Description": "System built-in field",
          "CreateTime": "2024-03-05T08:03:36.493Z",
          "UpdateTime": "2024-03-05T08:03:36.493Z",
          "SqlType": {
            "Name": "NVARCHAR",
            "LengthLimit": 512,
            "MaxValue": null,
            "MinValue": null,
            "DecimalPrecision": null
          },
          "IsSystemField": true,
          "IsRequired": false,
          "ReferenceEntity": null,
          "ReferenceType": "ManyToOne",
          "FieldDisplayType": "Basic",
          "ReferenceChoiceSet": null,
          "IsAttachment": false
        },
        {
          "Id": "135f9089-74e9-4473-8da8-be37be418613",
          "Name": "Id",
          "DisplayName": "Id",
          "Description": "System built-in field",
          "CreateTime": "2024-03-05T08:03:36.493Z",
          "UpdateTime": "2024-03-05T08:03:36.493Z",
          "SqlType": {
            "Name": "UNIQUEIDENTIFIER",
            "LengthLimit": null,
            "MaxValue": null,
            "MinValue": null,
            "DecimalPrecision": null
          },
          "IsSystemField": true,
          "IsRequired": true,
          "ReferenceEntity": null,
          "ReferenceType": "ManyToOne",
          "FieldDisplayType": "Basic",
          "ReferenceChoiceSet": null,
          "IsAttachment": false
        },
        {
          "Id": "3d53f6ed-dda6-474d-9ff4-e2d6afca3ecf",
          "Name": "Name",
          "DisplayName": "Name",
          "Description": "System built-in field",
          "CreateTime": "2024-03-05T08:03:36.493Z",
          "UpdateTime": "2024-03-05T08:03:36.493Z",
          "SqlType": {
            "Name": "NVARCHAR",
            "LengthLimit": 512,
            "MaxValue": null,
            "MinValue": null,
            "DecimalPrecision": null
          },
          "IsSystemField": true,
          "IsRequired": true,
          "ReferenceEntity": null,
          "ReferenceType": "ManyToOne",
          "FieldDisplayType": "Basic",
          "ReferenceChoiceSet": null,
          "IsAttachment": false
        },
        {
          "Id": "e71fa590-c1b9-466b-9c8f-f284d7dbe76e",
          "Name": "CreateTime",
          "DisplayName": "CreateTime",
          "Description": "System built-in field",
          "CreateTime": "2024-03-05T08:03:36.493Z",
          "UpdateTime": "2024-03-05T08:03:36.493Z",
          "SqlType": {
            "Name": "DATETIMEOFFSET",
            "LengthLimit": null,
            "MaxValue": null,
            "MinValue": null,
            "DecimalPrecision": null
          },
          "IsSystemField": true,
          "IsRequired": true,
          "ReferenceEntity": null,
          "ReferenceType": "ManyToOne",
          "FieldDisplayType": "Basic",
          "ReferenceChoiceSet": null,
          "IsAttachment": false
        }
      ],
      "RecordCount": 7,
      "EntityType": "SystemEntity"
    }
  ],
  "Namespace": "RPATestingExercise",
  "EntitiesJson": "{\"entities\":[{\"name\":\"Invoice\",\"displayName\":\"Invoice\",\"entityTypeId\":0,\"entityType\":\"Entity\",\"description\":\"ACME System 1 entity for invoice details\",\"fields\":[{\"id\":\"fffdf690-7ce7-ee11-aaf0-002248a46b57\",\"name\":\"InvoiceNumber\",\"isPrimaryKey\":false,\"isForeignKey\":false,\"isUnique\":true,\"referenceType\":\"ManyToOne\",\"sqlType\":{\"name\":\"NVARCHAR\",\"lengthLimit\":200},\"isRequired\":true,\"displayName\":\"InvoiceNumber\",\"description\":\"\",\"createTime\":\"2024-03-21T12:14:30.39Z\",\"createdBy\":\"3fa1627f-c31e-46f1-b6fc-f3d43a57fff3\",\"updateTime\":\"2024-03-21T12:14:30.39Z\",\"updatedBy\":\"3fa1627f-c31e-46f1-b6fc-f3d43a57fff3\",\"isSystemField\":false,\"fieldDisplayType\":\"Basic\",\"isAttachment\":false,\"isRbacEnabled\":false,\"isModelReserved\":false},{\"id\":\"00fef690-7ce7-ee11-aaf0-002248a46b57\",\"name\":\"Vendor\",\"isPrimaryKey\":false,\"isForeignKey\":false,\"isUnique\":false,\"referenceType\":\"ManyToOne\",\"sqlType\":{\"name\":\"NVARCHAR\",\"lengthLimit\":200},\"isRequired\":true,\"displayName\":\"Vendor\",\"description\":\"\",\"createTime\":\"2024-03-21T12:14:30.45Z\",\"createdBy\":\"3fa1627f-c31e-46f1-b6fc-f3d43a57fff3\",\"updateTime\":\"2024-03-21T12:14:30.45Z\",\"updatedBy\":\"3fa1627f-c31e-46f1-b6fc-f3d43a57fff3\",\"isSystemField\":false,\"fieldDisplayType\":\"Basic\",\"isAttachment\":false,\"isRbacEnabled\":false,\"isModelReserved\":false},{\"id\":\"01fef690-7ce7-ee11-aaf0-002248a46b57\",\"name\":\"Month\",\"isPrimaryKey\":false,\"isForeignKey\":false,\"isUnique\":false,\"referenceType\":\"ManyToOne\",\"sqlType\":{\"name\":\"DECIMAL\",\"lengthLimit\":1000,\"maxValue\":1000000000000.0,\"minValue\":-1000000000000.0,\"decimalPrecision\":2},\"isRequired\":true,\"displayName\":\"Month\",\"description\":\"\",\"createTime\":\"2024-03-21T12:14:30.51Z\",\"createdBy\":\"3fa1627f-c31e-46f1-b6fc-f3d43a57fff3\",\"updateTime\":\"2024-03-21T12:14:30.51Z\",\"updatedBy\":\"3fa1627f-c31e-46f1-b6fc-f3d43a57fff3\",\"isSystemField\":false,\"fieldDisplayType\":\"Basic\",\"isAttachment\":false,\"isRbacEnabled\":false,\"isModelReserved\":false},{\"id\":\"02fef690-7ce7-ee11-aaf0-002248a46b57\",\"name\":\"Amount\",\"isPrimaryKey\":false,\"isForeignKey\":false,\"isUnique\":false,\"referenceType\":\"ManyToOne\",\"sqlType\":{\"name\":\"DECIMAL\",\"lengthLimit\":1000,\"maxValue\":1000000000000.0,\"minValue\":-1000000000000.0,\"decimalPrecision\":2},\"isRequired\":true,\"displayName\":\"Amount\",\"description\":\"\",\"createTime\":\"2024-03-21T12:14:30.567Z\",\"createdBy\":\"3fa1627f-c31e-46f1-b6fc-f3d43a57fff3\",\"updateTime\":\"2024-03-21T12:14:30.567Z\",\"updatedBy\":\"3fa1627f-c31e-46f1-b6fc-f3d43a57fff3\",\"isSystemField\":false,\"fieldDisplayType\":\"Basic\",\"isAttachment\":false,\"isRbacEnabled\":false,\"isModelReserved\":false},{\"id\":\"03fef690-7ce7-ee11-aaf0-002248a46b57\",\"name\":\"Tax\",\"isPrimaryKey\":false,\"isForeignKey\":false,\"isUnique\":false,\"referenceType\":\"ManyToOne\",\"sqlType\":{\"name\":\"DECIMAL\",\"lengthLimit\":1000,\"maxValue\":1000000000000.0,\"minValue\":-1000000000000.0,\"decimalPrecision\":2},\"isRequired\":true,\"displayName\":\"Tax\",\"description\":\"\",\"createTime\":\"2024-03-21T12:14:30.623Z\",\"createdBy\":\"3fa1627f-c31e-46f1-b6fc-f3d43a57fff3\",\"updateTime\":\"2024-03-21T12:14:30.623Z\",\"updatedBy\":\"3fa1627f-c31e-46f1-b6fc-f3d43a57fff3\",\"isSystemField\":false,\"fieldDisplayType\":\"Basic\",\"isAttachment\":false,\"isRbacEnabled\":false,\"isModelReserved\":false},{\"id\":\"04fef690-7ce7-ee11-aaf0-002248a46b57\",\"name\":\"Total\",\"isPrimaryKey\":false,\"isForeignKey\":false,\"isUnique\":false,\"referenceType\":\"ManyToOne\",\"sqlType\":{\"name\":\"DECIMAL\",\"lengthLimit\":1000,\"maxValue\":1000000000000.0,\"minValue\":-1000000000000.0,\"decimalPrecision\":2},\"isRequired\":true,\"displayName\":\"Total\",\"description\":\"\",\"createTime\":\"2024-03-21T12:14:30.68Z\",\"createdBy\":\"3fa1627f-c31e-46f1-b6fc-f3d43a57fff3\",\"updateTime\":\"2024-03-21T12:14:30.68Z\",\"updatedBy\":\"3fa1627f-c31e-46f1-b6fc-f3d43a57fff3\",\"isSystemField\":false,\"fieldDisplayType\":\"Basic\",\"isAttachment\":false,\"isRbacEnabled\":false,\"isModelReserved\":false},{\"id\":\"05fef690-7ce7-ee11-aaf0-002248a46b57\",\"name\":\"Currency\",\"isPrimaryKey\":false,\"isForeignKey\":false,\"isUnique\":false,\"referenceType\":\"ManyToOne\",\"sqlType\":{\"name\":\"NVARCHAR\",\"lengthLimit\":200},\"isRequired\":true,\"displayName\":\"Currency\",\"description\":\"\",\"createTime\":\"2024-03-21T12:14:30.737Z\",\"createdBy\":\"3fa1627f-c31e-46f1-b6fc-f3d43a57fff3\",\"updateTime\":\"2024-03-21T12:14:30.737Z\",\"updatedBy\":\"3fa1627f-c31e-46f1-b6fc-f3d43a57fff3\",\"isSystemField\":false,\"fieldDisplayType\":\"Basic\",\"isAttachment\":false,\"isRbacEnabled\":false,\"isModelReserved\":false},{\"id\":\"991018e5-736e-4b57-a808-3a9a90a19578\",\"name\":\"UpdatedBy\",\"isPrimaryKey\":false,\"isForeignKey\":true,\"isUnique\":false,\"referenceName\":\"fk_UpdatedBy_157bc78a-5d4c-4cc3-aae5-156fa457dad5\",\"referenceEntity\":{\"name\":\"SystemUser\",\"displayName\":\"System Users\",\"entityTypeId\":3,\"entityType\":\"SystemEntity\",\"isRbacEnabled\":false,\"invalidIdentifiers\":[],\"isModelReserved\":false,\"id\":\"9da9d8db-c6da-ee11-85f9-0022489f653e\"},\"referenceField\":{\"id\":\"3d53f6ed-dda6-474d-9ff4-e2d6afca3ecf\",\"definition\":{\"name\":\"Name\",\"isPrimaryKey\":false,\"isForeignKey\":false,\"isUnique\":false,\"referenceType\":\"ManyToOne\",\"sqlType\":{\"name\":\"NVARCHAR\",\"lengthLimit\":512},\"isRequired\":false,\"displayName\":\"Name\",\"createTime\":\"2024-03-22T08:21:02.8492759Z\",\"updateTime\":\"2024-03-22T08:21:02.849276Z\",\"isSystemField\":false,\"fieldDisplayType\":\"Basic\",\"isAttachment\":false,\"isRbacEnabled\":false,\"isModelReserved\":false}},\"referenceType\":\"ManyToOne\",\"sqlType\":{\"name\":\"UNIQUEIDENTIFIER\"},\"isRequired\":false,\"displayName\":\"UpdatedBy\",\"description\":\"System built-in field\",\"createTime\":\"2024-03-21T12:14:29.963Z\",\"createdBy\":\"3fa1627f-c31e-46f1-b6fc-f3d43a57fff3\",\"updateTime\":\"2024-03-21T12:14:29.963Z\",\"isSystemField\":true,\"fieldDisplayType\":\"Relationship\",\"isAttachment\":false,\"isRbacEnabled\":false,\"isModelReserved\":false},{\"id\":\"1ef0216a-9ace-454f-816f-3de867366ccd\",\"name\":\"UpdateTime\",\"isPrimaryKey\":false,\"isForeignKey\":false,\"isUnique\":false,\"referenceType\":\"ManyToOne\",\"sqlType\":{\"name\":\"DATETIMEOFFSET\"},\"isRequired\":false,\"displayName\":\"UpdateTime\",\"description\":\"System built-in field\",\"createTime\":\"2024-03-21T12:14:29.963Z\",\"createdBy\":\"3fa1627f-c31e-46f1-b6fc-f3d43a57fff3\",\"updateTime\":\"2024-03-21T12:14:29.963Z\",\"isSystemField\":true,\"fieldDisplayType\":\"Basic\",\"isAttachment\":false,\"isRbacEnabled\":false,\"isModelReserved\":false},{\"id\":\"8c1a1da7-206c-409f-b42c-6e6d56e7f6de\",\"name\":\"Id\",\"isPrimaryKey\":true,\"isForeignKey\":false,\"isUnique\":false,\"referenceType\":\"ManyToOne\",\"sqlType\":{\"name\":\"UNIQUEIDENTIFIER\"},\"isRequired\":true,\"displayName\":\"Id\",\"description\":\"System built-in field\",\"createTime\":\"2024-03-21T12:14:29.963Z\",\"createdBy\":\"3fa1627f-c31e-46f1-b6fc-f3d43a57fff3\",\"updateTime\":\"2024-03-21T12:14:29.963Z\",\"isSystemField\":true,\"fieldDisplayType\":\"Basic\",\"isAttachment\":false,\"isRbacEnabled\":false,\"isModelReserved\":false},{\"id\":\"8e011950-34b2-4574-90eb-7a89b259f39c\",\"name\":\"CreateTime\",\"isPrimaryKey\":false,\"isForeignKey\":false,\"isUnique\":false,\"referenceType\":\"ManyToOne\",\"sqlType\":{\"name\":\"DATETIMEOFFSET\"},\"isRequired\":true,\"displayName\":\"CreateTime\",\"description\":\"System built-in field\",\"createTime\":\"2024-03-21T12:14:29.963Z\",\"createdBy\":\"3fa1627f-c31e-46f1-b6fc-f3d43a57fff3\",\"updateTime\":\"2024-03-21T12:14:29.963Z\",\"isSystemField\":true,\"fieldDisplayType\":\"Basic\",\"isAttachment\":false,\"isRbacEnabled\":false,\"isModelReserved\":false},{\"id\":\"29474f79-ee6f-493b-8cea-dc77c2f73023\",\"name\":\"CreatedBy\",\"isPrimaryKey\":false,\"isForeignKey\":true,\"isUnique\":false,\"referenceName\":\"fk_CreatedBy_6e7ec59a-1817-4510-ae34-8f5724fb94c6\",\"referenceEntity\":{\"name\":\"SystemUser\",\"displayName\":\"System Users\",\"entityTypeId\":3,\"entityType\":\"SystemEntity\",\"isRbacEnabled\":false,\"invalidIdentifiers\":[],\"isModelReserved\":false,\"id\":\"9da9d8db-c6da-ee11-85f9-0022489f653e\"},\"referenceField\":{\"id\":\"3d53f6ed-dda6-474d-9ff4-e2d6afca3ecf\",\"definition\":{\"name\":\"Name\",\"isPrimaryKey\":false,\"isForeignKey\":false,\"isUnique\":false,\"referenceType\":\"ManyToOne\",\"sqlType\":{\"name\":\"NVARCHAR\",\"lengthLimit\":512},\"isRequired\":false,\"displayName\":\"Name\",\"createTime\":\"2024-03-22T08:21:02.8492798Z\",\"updateTime\":\"2024-03-22T08:21:02.8492798Z\",\"isSystemField\":false,\"fieldDisplayType\":\"Basic\",\"isAttachment\":false,\"isRbacEnabled\":false,\"isModelReserved\":false}},\"referenceType\":\"ManyToOne\",\"sqlType\":{\"name\":\"UNIQUEIDENTIFIER\"},\"isRequired\":true,\"displayName\":\"CreatedBy\",\"description\":\"System built-in field\",\"createTime\":\"2024-03-21T12:14:29.963Z\",\"createdBy\":\"3fa1627f-c31e-46f1-b6fc-f3d43a57fff3\",\"updateTime\":\"2024-03-21T12:14:29.963Z\",\"isSystemField\":true,\"fieldDisplayType\":\"Relationship\",\"isAttachment\":false,\"isRbacEnabled\":false,\"isModelReserved\":false}],\"recordCount\":39,\"storageSizeInMB\":0.210937,\"usedStorageSizeInMB\":0.046875,\"isRbacEnabled\":false,\"invalidIdentifiers\":[],\"isModelReserved\":false,\"id\":\"f5fdf690-7ce7-ee11-aaf0-002248a46b57\",\"createdBy\":\"3fa1627f-c31e-46f1-b6fc-f3d43a57fff3\",\"createTime\":\"2024-03-21T12:14:29.903Z\",\"updateTime\":\"2024-03-21T12:14:30.74Z\",\"updatedBy\":\"3fa1627f-c31e-46f1-b6fc-f3d43a57fff3\"},{\"name\":\"SystemUser\",\"displayName\":\"System Users\",\"entityTypeId\":3,\"entityType\":\"SystemEntity\",\"description\":\"Contains Automation Cloud users and groups that have ever had roles assigned, or accessed Data Service\",\"fields\":[{\"id\":\"db8ee9b5-2981-40f6-9e3f-24e347773a5c\",\"name\":\"IsActive\",\"isPrimaryKey\":false,\"isForeignKey\":false,\"isUnique\":false,\"referenceType\":\"ManyToOne\",\"sqlType\":{\"name\":\"BIT\"},\"isRequired\":true,\"displayName\":\"IsActive\",\"description\":\"System built-in field\",\"createTime\":\"2024-03-05T08:03:36.493Z\",\"createdBy\":\"3fa1627f-c31e-46f1-b6fc-f3d43a57fff3\",\"updateTime\":\"2024-03-05T08:03:36.493Z\",\"isSystemField\":true,\"fieldDisplayType\":\"Basic\",\"isAttachment\":false,\"isRbacEnabled\":false,\"isModelReserved\":false},{\"id\":\"c36e8298-9a4f-47e8-9fe1-57345337d7c9\",\"name\":\"Type\",\"isPrimaryKey\":false,\"isForeignKey\":false,\"isUnique\":false,\"referenceChoiceSet\":{\"name\":\"UserType\",\"entityTypeId\":0,\"entityType\":\"Entity\",\"isRbacEnabled\":false,\"invalidIdentifiers\":[],\"isModelReserved\":false},\"referenceType\":\"ManyToOne\",\"sqlType\":{\"name\":\"INT\",\"maxValue\":9007199254740991.0,\"minValue\":-9007199254740991.0},\"isRequired\":true,\"displayName\":\"Type\",\"description\":\"System built-in field\",\"createTime\":\"2024-03-05T08:03:36.493Z\",\"createdBy\":\"3fa1627f-c31e-46f1-b6fc-f3d43a57fff3\",\"updateTime\":\"2024-03-05T08:03:36.493Z\",\"isSystemField\":true,\"fieldDisplayType\":\"ChoiceSetSingle\",\"choiceSetId\":\"96a9d8db-c6da-ee11-85f9-0022489f653e\",\"isAttachment\":false,\"isRbacEnabled\":false,\"isModelReserved\":false},{\"id\":\"9cd24cae-72dc-480e-87b5-6fbdd525cb95\",\"name\":\"UpdateTime\",\"isPrimaryKey\":false,\"isForeignKey\":false,\"isUnique\":false,\"referenceType\":\"ManyToOne\",\"sqlType\":{\"name\":\"DATETIMEOFFSET\"},\"isRequired\":false,\"displayName\":\"UpdateTime\",\"description\":\"System built-in field\",\"createTime\":\"2024-03-05T08:03:36.493Z\",\"createdBy\":\"3fa1627f-c31e-46f1-b6fc-f3d43a57fff3\",\"updateTime\":\"2024-03-05T08:03:36.493Z\",\"isSystemField\":true,\"fieldDisplayType\":\"Basic\",\"isAttachment\":false,\"isRbacEnabled\":false,\"isModelReserved\":false},{\"id\":\"d74889f7-2e32-4da6-a9f3-9e970718d871\",\"name\":\"Email\",\"isPrimaryKey\":false,\"isForeignKey\":false,\"isUnique\":false,\"referenceType\":\"ManyToOne\",\"sqlType\":{\"name\":\"NVARCHAR\",\"lengthLimit\":512},\"isRequired\":false,\"displayName\":\"E-mail\",\"description\":\"System built-in field\",\"createTime\":\"2024-03-05T08:03:36.493Z\",\"createdBy\":\"3fa1627f-c31e-46f1-b6fc-f3d43a57fff3\",\"updateTime\":\"2024-03-05T08:03:36.493Z\",\"isSystemField\":true,\"fieldDisplayType\":\"Basic\",\"isAttachment\":false,\"isRbacEnabled\":false,\"isModelReserved\":false},{\"id\":\"135f9089-74e9-4473-8da8-be37be418613\",\"name\":\"Id\",\"isPrimaryKey\":true,\"isForeignKey\":false,\"isUnique\":false,\"referenceType\":\"ManyToOne\",\"sqlType\":{\"name\":\"UNIQUEIDENTIFIER\"},\"isRequired\":true,\"displayName\":\"Id\",\"description\":\"System built-in field\",\"createTime\":\"2024-03-05T08:03:36.493Z\",\"createdBy\":\"3fa1627f-c31e-46f1-b6fc-f3d43a57fff3\",\"updateTime\":\"2024-03-05T08:03:36.493Z\",\"isSystemField\":true,\"fieldDisplayType\":\"Basic\",\"isAttachment\":false,\"isRbacEnabled\":false,\"isModelReserved\":false},{\"id\":\"3d53f6ed-dda6-474d-9ff4-e2d6afca3ecf\",\"name\":\"Name\",\"isPrimaryKey\":false,\"isForeignKey\":false,\"isUnique\":false,\"referenceType\":\"ManyToOne\",\"sqlType\":{\"name\":\"NVARCHAR\",\"lengthLimit\":512},\"isRequired\":true,\"displayName\":\"Name\",\"description\":\"System built-in field\",\"createTime\":\"2024-03-05T08:03:36.493Z\",\"createdBy\":\"3fa1627f-c31e-46f1-b6fc-f3d43a57fff3\",\"updateTime\":\"2024-03-05T08:03:36.493Z\",\"isSystemField\":true,\"fieldDisplayType\":\"Basic\",\"isAttachment\":false,\"isRbacEnabled\":false,\"isModelReserved\":false},{\"id\":\"e71fa590-c1b9-466b-9c8f-f284d7dbe76e\",\"name\":\"CreateTime\",\"isPrimaryKey\":false,\"isForeignKey\":false,\"isUnique\":false,\"referenceType\":\"ManyToOne\",\"sqlType\":{\"name\":\"DATETIMEOFFSET\"},\"isRequired\":true,\"displayName\":\"CreateTime\",\"description\":\"System built-in field\",\"createTime\":\"2024-03-05T08:03:36.493Z\",\"createdBy\":\"3fa1627f-c31e-46f1-b6fc-f3d43a57fff3\",\"updateTime\":\"2024-03-05T08:03:36.493Z\",\"isSystemField\":true,\"fieldDisplayType\":\"Basic\",\"isAttachment\":false,\"isRbacEnabled\":false,\"isModelReserved\":false}],\"recordCount\":7,\"storageSizeInMB\":0.070312,\"usedStorageSizeInMB\":0.015625,\"isRbacEnabled\":false,\"invalidIdentifiers\":[],\"isModelReserved\":false,\"id\":\"9da9d8db-c6da-ee11-85f9-0022489f653e\",\"createdBy\":\"3fa1627f-c31e-46f1-b6fc-f3d43a57fff3\",\"createTime\":\"2024-03-05T08:03:36.433Z\",\"updateTime\":\"2024-03-05T08:03:36.433Z\",\"updatedBy\":\"3fa1627f-c31e-46f1-b6fc-f3d43a57fff3\"}],\"choicesets\":[{\"id\":\"96a9d8db-c6da-ee11-85f9-0022489f653e\",\"name\":\"UserType\",\"displayName\":\"User Type\",\"description\":\"Denotes the type of user record in the System User entity\",\"createdBy\":\"3fa1627f-c31e-46f1-b6fc-f3d43a57fff3\",\"createTime\":\"2024-03-05T08:03:35.88Z\",\"updateTime\":\"2024-03-05T08:03:35.88Z\",\"updatedBy\":\"3fa1627f-c31e-46f1-b6fc-f3d43a57fff3\",\"isModelReserved\":false,\"data\":[{\"DisplayName\":\"Application\",\"Name\":\"Application\",\"NumberId\":3},{\"DisplayName\":\"Robot\",\"Name\":\"Robot\",\"NumberId\":2},{\"DisplayName\":\"Group\",\"Name\":\"Group\",\"NumberId\":1},{\"DisplayName\":\"User\",\"Name\":\"User\",\"NumberId\":0}]}]}",
  "SelectedEntitiesNames": [
    "Invoice",
    "SystemUser"
  ]
}