<?xml version="1.0"?>
<doc>
    <assembly>
        <name>RPATestingExercise.Core</name>
    </assembly>
    <members>
        <member name="M:RPATestingExercise.WorkflowRunnerService.InitAllSettingsTestCase">
            <summary>
            Invokes the Tests/InitAllSettingsTestCase.xaml
            </summary>
        </member>
        <member name="M:RPATestingExercise.WorkflowRunnerService.InitAllSettings(System.String,System.String[])">
            <summary>
            Invokes the Framework/InitAllSettings.xaml
            </summary>
        </member>
        <member name="M:RPATestingExercise.WorkflowRunnerService.TakeScreenshot(System.String,System.String)">
            <summary>
            Invokes the Framework/TakeScreenshot.xaml
            </summary>
        </member>
        <member name="M:RPATestingExercise.WorkflowRunnerService.CloseAllApplications">
            <summary>
            Invokes the Framework/CloseAllApplications.xaml
            </summary>
        </member>
        <member name="M:RPATestingExercise.WorkflowRunnerService.MainTestCase">
            <summary>
            Invokes the Tests/MainTestCase.xaml
            </summary>
        </member>
        <member name="M:RPATestingExercise.WorkflowRunnerService.GetTransactionDataTestCase">
            <summary>
            Invokes the Tests/GetTransactionDataTestCase.xaml
            </summary>
        </member>
        <member name="M:RPATestingExercise.WorkflowRunnerService.Process(UiPath.Core.QueueItem,System.Collections.Generic.Dictionary{System.String,System.Object})">
            <summary>
            Invokes the Framework/Process.xaml
            </summary>
        </member>
        <member name="M:RPATestingExercise.WorkflowRunnerService.AddInvoiceFields(System.String,System.String,System.String,System.String,System.String,System.String,System.String,System.String)">
            <summary>
            Invokes the 05.UiPathTestDataManagement/05.3.TDQDataDriven/AddInvoiceFields.xaml
            </summary>
        </member>
        <member name="M:RPATestingExercise.WorkflowRunnerService.Main(System.String,System.String)">
            <summary>
            Invokes the 07.Mocking/Main.xaml
            </summary>
        </member>
        <member name="M:RPATestingExercise.WorkflowRunnerService.LoanQualificationTestCase(System.String,System.Int32,System.Int32,System.Int32,System.Boolean,System.String)">
            <summary>
            Invokes the 06.TestExplorer/LoanQualificationTestCase.xaml
            </summary>
        </member>
        <member name="M:RPATestingExercise.WorkflowRunnerService.LoanQualification_AutoDataCreation_(System.String,System.Int32,System.Int32,System.Int32,System.Boolean,System.String)">
            <summary>
            Invokes the 04.AutomaticRPATestDataCreation/LoanQualification(AutoDataCreation).xaml
            </summary>
        </member>
        <member name="M:RPATestingExercise.WorkflowRunnerService.SetTransactionStatus(UiPath.Core.BusinessRuleException,System.String,System.String,System.String,System.Exception,System.Collections.Generic.Dictionary{System.String,System.Object},System.Data.DataRow,System.Int32,System.Int32,System.Int32)">
            <summary>
            Invokes the Framework/SetTransactionStatus.xaml
            </summary>
        </member>
        <member name="M:RPATestingExercise.WorkflowRunnerService._06_TestExplorer_ProcessTestCase">
            <summary>
            Invokes the 06.TestExplorer/ProcessTestCase.xaml
            </summary>
        </member>
        <member name="M:RPATestingExercise.WorkflowRunnerService.AddVendorFields(System.String,System.String,System.String,System.String,System.String)">
            <summary>
            Invokes the 05.UiPathTestDataManagement/05.1.SyntheticData/AddVendorFields.xaml
            </summary>
        </member>
        <member name="M:RPATestingExercise.WorkflowRunnerService._02_TestCasesAndUiAutomation_InitAllApplicationsTestCase">
            <summary>
            Invokes the 02.TestCasesAndUiAutomation/InitAllApplicationsTestCase.xaml
            </summary>
        </member>
        <member name="M:RPATestingExercise.WorkflowRunnerService.ProcessTestCase">
            <summary>
            Invokes the Tests/ProcessTestCase.xaml
            </summary>
        </member>
        <member name="M:RPATestingExercise.WorkflowRunnerService.RetryCurrentTransaction(System.Collections.Generic.Dictionary{System.String,System.Object},System.Exception,System.Boolean,System.Int32,System.Int32)">
            <summary>
            Invokes the Framework/RetryCurrentTransaction.xaml
            </summary>
        </member>
        <member name="M:RPATestingExercise.WorkflowRunnerService.KillAllProcesses">
            <summary>
            Invokes the Framework/KillAllProcesses.xaml
            </summary>
        </member>
        <member name="M:RPATestingExercise.WorkflowRunnerService.GetTransactionData(System.Int32,System.Collections.Generic.Dictionary{System.String,System.Object},System.Data.DataTable)">
            <summary>
            Invokes the Framework/GetTransactionData.xaml
            </summary>
        </member>
        <member name="M:RPATestingExercise.WorkflowRunnerService.AddData">
            <summary>
            Invokes the 05.UiPathTestDataManagement/05.1.SyntheticData/AddData.xaml
            </summary>
        </member>
        <member name="M:RPATestingExercise.WorkflowRunnerService.TC_VaildateInvoiceData(System.String,System.String,System.String,System.String,System.String,System.String,System.String)">
            <summary>
            Invokes the 03.DataDrivenTestCase/TC_VaildateInvoiceData.xaml
            </summary>
        </member>
        <member name="M:RPATestingExercise.WorkflowRunnerService.LoanQualification_TestExplorer_(System.String,System.Int32,System.Int32,System.Int32,System.Boolean,System.String)">
            <summary>
            Invokes the 06.TestExplorer/LoanQualification(TestExplorer).xaml
            </summary>
        </member>
        <member name="M:RPATestingExercise.WorkflowRunnerService.TC_Loan(System.String,System.Int32,System.Int32,System.Int32,System.Boolean,System.String)">
            <summary>
            Invokes the 04.AutomaticRPATestDataCreation/TC_Loan.xaml
            </summary>
        </member>
        <member name="M:RPATestingExercise.WorkflowRunnerService.CalculateInvoiceTotal(System.Int32,System.Int32)">
            <summary>
            Invokes the 01.SimpleTestCase/CalculateInvoiceTotal.xaml
            </summary>
        </member>
        <member name="M:RPATestingExercise.WorkflowRunnerService.WorkflowTestCaseTemplate">
            <summary>
            Invokes the Tests/WorkflowTestCaseTemplate.xaml
            </summary>
        </member>
        <member name="M:RPATestingExercise.WorkflowRunnerService.InitAllApplicationsTestCase">
            <summary>
            Invokes the Tests/InitAllApplicationsTestCase.xaml
            </summary>
        </member>
        <member name="M:RPATestingExercise.WorkflowRunnerService.InitAllApplications(System.Collections.Generic.Dictionary{System.String,System.Object})">
            <summary>
            Invokes the Framework/InitAllApplications.xaml
            </summary>
        </member>
        <member name="M:RPATestingExercise.WorkflowRunnerService.TC_AddVendorField(System.String,System.String,System.String,System.String,System.String,System.Collections.Generic.IDictionary{System.String,System.Object})">
            <summary>
            Invokes the 05.UiPathTestDataManagement/05.1.SyntheticData/TC_AddVendorField.xaml
            </summary>
        </member>
        <member name="M:RPATestingExercise.WorkflowRunnerService.ValidateInvoiceData(System.String,System.String,System.String,System.String,System.String,System.String)">
            <summary>
            Invokes the 03.DataDrivenTestCase/ValidateInvoiceData.xaml
            </summary>
        </member>
        <member name="M:RPATestingExercise.WorkflowRunnerService.TC_Total">
            <summary>
            Invokes the 01.SimpleTestCase/TC_Total.xaml
            </summary>
        </member>
        <member name="M:RPATestingExercise.WorkflowRunnerService.TC_AddInvoiceField(RPATestingExercise.Invoice)">
            <summary>
            Invokes the 05.UiPathTestDataManagement/05.3.TDQDataDriven/TC_AddInvoiceField.xaml
            </summary>
        </member>
        <member name="M:RPATestingExercise.WorkflowRunnerService.ACME(System.String)">
            <summary>
            Invokes the 07.Mocking/ACME.xaml
            </summary>
        </member>
        <member name="M:RPATestingExercise.WorkflowRunnerService.WIID데이터추출">
            <summary>
            Invokes the WIID데이터추출.xaml
            </summary>
        </member>
        <member name="M:RPATestingExercise.WorkflowRunnerService.사이트이동(System.String)">
            <summary>
            Invokes the 사이트이동.xaml
            </summary>
        </member>
        <member name="M:RPATestingExercise.WorkflowRunnerService.TC_ACME(System.String)">
            <summary>
            Invokes the 07.Mocking/TC_ACME.xaml
            </summary>
        </member>
        <member name="M:RPATestingExercise.WorkflowRunnerService.ACME_mock(System.String)">
            <summary>
            Invokes the Mocks/07.Mocking/ACME_mock.xaml
            </summary>
        </member>
    </members>
</doc>
