[{"testQ":{"VendorTaxID":"HH333148","VendorName":"AGATHON TRADING","VendorStreetAddress":"Leandro N. Alem 1801","VendorCountry":"Argentina","VendorCity":"Mendoza"}},{"testQ":{"VendorTaxID":"IK652764","VendorName":"NJ TOLENTINO","VendorStreetAddress":"De los Gauchos 1499","VendorCountry":"Argentina","VendorCity":"Salta"}},{"testQ":{"VendorTaxID":"LF108057","VendorName":"AGRISHOP","VendorStreetAddress":"Queens Cres 21","VendorCountry":"Australia","VendorCity":"Perth"}},{"testQ":{"VendorTaxID":"EF209968","VendorName":"AGATHON TRADING","VendorStreetAddress":"Mystetska St 11A","VendorCountry":"Ukraine","VendorCity":"Kryvyi Rih"}},{"testQ":{"VendorTaxID":"IC251713","VendorName":"AGRISHOP","VendorStreetAddress":"Shim'on ha-Maccabi St 4","VendorCountry":"Israel","VendorCity":"Jerusalem"}},{"testQ":{"VendorTaxID":"VA111889","VendorName":"AGRISHOP","VendorStreetAddress":"Comstock Ct 3616","VendorCountry":"USA","VendorCity":"El Paso"}},{"testQ":{"VendorTaxID":"RH635359","VendorName":"\"SAN MIGUEL FOODS, INC\"","VendorStreetAddress":"Preah Sorya Varman 2 12","VendorCountry":"Cambodia","VendorCity":"Kampong Cham"}},{"testQ":{"VendorTaxID":"EF831088","VendorName":"\"SAN MIGUEL FOODS, INC\"","VendorStreetAddress":"B St 2967","VendorCountry":"USA","VendorCity":"San Diego"}},{"testQ":{"VendorTaxID":"GQ395375","VendorName":"AGRISHOP","VendorStreetAddress":"Jl. Tawekal 2","VendorCountry":"Indonesia","VendorCity":"Bandung"}},{"testQ":{"VendorTaxID":"QG416809","VendorName":"NJ TOLENTINO","VendorStreetAddress":"22nd St 2936 N","VendorCountry":"USA","VendorCity":"Millwaukee"}}]