﻿{
  "$schema": "https://json-schema.org/draft/2020-12/schema",
  "title": "Invoice",
  "description": "An invoice containing details for a transaction",
  "type": "object",
  "properties": {
	   "InvoiceNumber": {
      "type": "string",
      "pattern": "^\\d{6}$",
      "description": "Alphanumeric string containing 6 digits"
    },
    "Vendor": {
      "type": "string",
      "pattern": "^[A-Za-z]{2}\\d{6}$",
      "description": "Alphanumeric string (2 letters followed by 6 digits)"
    },
    "Month": {
      "type": "integer",
      "minimum": 1,
      "maximum": 12,
      "description": "A number representing a month, from 1 to 12"
    },
    "Amount": {
      "type": "number",
      "description": "A decimal number representing the amount",
      "multipleOf": 0.01
    },
    "Tax": {
      "type": "number",
      "description": "A decimal number representing the tax",
      "multipleOf": 0.01
    },
    "Total": {
      "type": "number",
      "description": "A number representing the sum of the amount and tax",
      "multipleOf": 0.01
    },
    "Currency": {
      "type": "string",
      "pattern": "^[A-Z]{3}$",
      "description": "A string of 3 uppercase letters representing the ISO 4217 currency code"
    }
  },
  "required": ["InvoiceNumber","Vendor", "Month", "Amount", "Tax", "Total", "Currency"],
  "additionalProperties": false
}
