[{"CopyFilePath":"Data\\Temp\\TC001\\OrderList.xlsx","PasteFilePath":"Data\\Input\\OrderList.xlsx","ExpectedResult":"True"},{"CopyFilePath":"Data\\TEMP\\TC001\\OrderList.xlsx","PasteFilePath":"Data\\Input\\OrderList.xlsx","ExpectedResult":"True"},{"CopyFilePath":"Data\\Temp\\TC001\\ORDERLIST.xlsx","PasteFilePath":"Data\\Input\\OrderList.xlsx","ExpectedResult":"True"},{"CopyFilePath":"Data\\Temp\\TC001\\orderlist.xlsx","PasteFilePath":"Data\\Input\\OrderList.xlsx","ExpectedResult":"True"},{"CopyFilePath":".\\Data\\Temp\\TC001\\OrderList.xlsx","PasteFilePath":"Data\\Input\\OrderList.xlsx","ExpectedResult":"True"},{"CopyFilePath":"Data/Temp/TC001/OrderList.xlsx","PasteFilePath":"Data\\Input\\OrderList.xlsx","ExpectedResult":"True"},{"CopyFilePath":"Data\\Temp\\TC001\\OrderList.xlsx","PasteFilePath":".\\Data\\Input\\OrderList.xlsx","ExpectedResult":"True"},{"CopyFilePath":"Data\\Temp\\TC001\\OrderList.xlsx","PasteFilePath":"Data/Input/OrderList.xlsx","ExpectedResult":"True"},{"CopyFilePath":"Data\\Temp\\TC001\\OrderList.xlsx","PasteFilePath":"Data\\INPUT\\OrderList.xlsx","ExpectedResult":"True"},{"CopyFilePath":"Data\\Temp\\TC001\\OrderList.xlsx","PasteFilePath":"Data\\input\\OrderList.xlsx","ExpectedResult":"True"},{"CopyFilePath":"Data\\Temp\\TC002\\OrderList.xlsx","PasteFilePath":"Data\\Input\\OrderList.xlsx","ExpectedResult":"False"},{"CopyFilePath":"Data\\Test\\TC001\\OrderList.xlsx","PasteFilePath":"Data\\Input\\OrderList.xlsx","ExpectedResult":"False"},{"CopyFilePath":"Data\\Temp\\OrderList.xlsx","PasteFilePath":"Data\\Input\\OrderList.xlsx","ExpectedResult":"False"},{"CopyFilePath":"\\TC001\\OrderList.xlsx","PasteFilePath":"Data\\Input\\OrderList.xlsx","ExpectedResult":"False"},{"CopyFilePath":"Data\\Temp\\TC001\\","PasteFilePath":"Data\\Input\\OrderList.xlsx","ExpectedResult":"False"},{"CopyFilePath":"\"\"","PasteFilePath":"Data\\Input\\OrderList.xlsx","ExpectedResult":"False"},{"CopyFilePath":"Data\\Temp\\TC001\\OrderList.xlsx","PasteFilePath":"\"\"","ExpectedResult":"False"},{"CopyFilePath":"Data\\Temp\\TC001\\OrderList.xlsx","PasteFilePath":"Data\\Output\\OrderList.xlsx","ExpectedResult":"False"},{"CopyFilePath":"Data\\Temp\\TC001\\OrderList.xlsx","PasteFilePath":"Data\\Input\\OrderList.xls","ExpectedResult":"True"},{"CopyFilePath":"Data\\Temp\\TC001\\OrderList.xlsx","PasteFilePath":"Data\\Input\\OrderList_new.xlsx","ExpectedResult":"True"}]