[{"invoice":{"InvoiceNumber":"774636","Vendor":"DE456232","Month":1.0,"Amount":26226.0,"Tax":5245.2,"Total":31471.2,"Currency":"EUR","UpdateTime":"2025-02-24T16:08:21.6846672+09:00","Id":"0AC8B9FB-6B71-460A-B997-019536C91158","CreateTime":"2025-02-24T16:08:21.6846672+09:00","RecordOwner":{"Name":"KCC_hjChoi","UpdateTime":"2023-08-09T10:23:55.7566667+09:00","Id":"B7E32541-C144-475E-A46F-F17141066655","CreateTime":"2023-08-09T10:23:55.7566667+09:00","Type":0,"Email":"hjchoi@kcc.co.kr","IsActive":true},"CreatedBy":{"Name":"KCC_hjChoi","UpdateTime":"2023-08-09T10:23:55.7566667+09:00","Id":"B7E32541-C144-475E-A46F-F17141066655","CreateTime":"2023-08-09T10:23:55.7566667+09:00","Type":0,"Email":"hjchoi@kcc.co.kr","IsActive":true},"UpdatedBy":{"Name":"KCC_hjChoi","UpdateTime":"2023-08-09T10:23:55.7566667+09:00","Id":"B7E32541-C144-475E-A46F-F17141066655","CreateTime":"2023-08-09T10:23:55.7566667+09:00","Type":0,"Email":"hjchoi@kcc.co.kr","IsActive":true}}},{"invoice":{"InvoiceNumber":"988696","Vendor":"DE763212","Month":2.0,"Amount":165446.0,"Tax":33089.2,"Total":198535.0,"Currency":"EUR","UpdateTime":"2025-02-24T16:08:21.6846672+09:00","Id":"6F78E3C8-3AFD-49A0-A813-019536C91159","CreateTime":"2025-02-24T16:08:21.6846672+09:00","RecordOwner":{"Name":"KCC_hjChoi","UpdateTime":"2023-08-09T10:23:55.7566667+09:00","Id":"B7E32541-C144-475E-A46F-F17141066655","CreateTime":"2023-08-09T10:23:55.7566667+09:00","Type":0,"Email":"hjchoi@kcc.co.kr","IsActive":true},"CreatedBy":{"Name":"KCC_hjChoi","UpdateTime":"2023-08-09T10:23:55.7566667+09:00","Id":"B7E32541-C144-475E-A46F-F17141066655","CreateTime":"2023-08-09T10:23:55.7566667+09:00","Type":0,"Email":"hjchoi@kcc.co.kr","IsActive":true},"UpdatedBy":{"Name":"KCC_hjChoi","UpdateTime":"2023-08-09T10:23:55.7566667+09:00","Id":"B7E32541-C144-475E-A46F-F17141066655","CreateTime":"2023-08-09T10:23:55.7566667+09:00","Type":0,"Email":"hjchoi@kcc.co.kr","IsActive":true}}},{"invoice":{"InvoiceNumber":"637355","Vendor":"DE763212","Month":3.0,"Amount":254487.0,"Tax":50897.4,"Total":305384.6,"Currency":"EUR","UpdateTime":"2025-02-24T16:08:21.6846672+09:00","Id":"9F0D23BF-8467-4F6E-86DB-019536C9115A","CreateTime":"2025-02-24T16:08:21.6846672+09:00","RecordOwner":{"Name":"KCC_hjChoi","UpdateTime":"2023-08-09T10:23:55.7566667+09:00","Id":"B7E32541-C144-475E-A46F-F17141066655","CreateTime":"2023-08-09T10:23:55.7566667+09:00","Type":0,"Email":"hjchoi@kcc.co.kr","IsActive":true},"CreatedBy":{"Name":"KCC_hjChoi","UpdateTime":"2023-08-09T10:23:55.7566667+09:00","Id":"B7E32541-C144-475E-A46F-F17141066655","CreateTime":"2023-08-09T10:23:55.7566667+09:00","Type":0,"Email":"hjchoi@kcc.co.kr","IsActive":true},"UpdatedBy":{"Name":"KCC_hjChoi","UpdateTime":"2023-08-09T10:23:55.7566667+09:00","Id":"B7E32541-C144-475E-A46F-F17141066655","CreateTime":"2023-08-09T10:23:55.7566667+09:00","Type":0,"Email":"hjchoi@kcc.co.kr","IsActive":true}}},{"invoice":{"InvoiceNumber":"152347","Vendor":"RO657483","Month":4.0,"Amount":326122.0,"Tax":65224.4,"Total":391346.8,"Currency":"EUR","UpdateTime":"2025-02-24T16:08:21.6846672+09:00","Id":"E3797A98-FF92-4D6A-BEA6-019536C9115B","CreateTime":"2025-02-24T16:08:21.6846672+09:00","RecordOwner":{"Name":"KCC_hjChoi","UpdateTime":"2023-08-09T10:23:55.7566667+09:00","Id":"B7E32541-C144-475E-A46F-F17141066655","CreateTime":"2023-08-09T10:23:55.7566667+09:00","Type":0,"Email":"hjchoi@kcc.co.kr","IsActive":true},"CreatedBy":{"Name":"KCC_hjChoi","UpdateTime":"2023-08-09T10:23:55.7566667+09:00","Id":"B7E32541-C144-475E-A46F-F17141066655","CreateTime":"2023-08-09T10:23:55.7566667+09:00","Type":0,"Email":"hjchoi@kcc.co.kr","IsActive":true},"UpdatedBy":{"Name":"KCC_hjChoi","UpdateTime":"2023-08-09T10:23:55.7566667+09:00","Id":"B7E32541-C144-475E-A46F-F17141066655","CreateTime":"2023-08-09T10:23:55.7566667+09:00","Type":0,"Email":"hjchoi@kcc.co.kr","IsActive":true}}},{"invoice":{"InvoiceNumber":"173737","Vendor":"DE456232","Month":5.0,"Amount":421004.0,"Tax":84200.8,"Total":505205.0,"Currency":"EUR","UpdateTime":"2025-02-24T16:08:21.6846672+09:00","Id":"79933771-8D8A-422B-A844-019536C9115C","CreateTime":"2025-02-24T16:08:21.6846672+09:00","RecordOwner":{"Name":"KCC_hjChoi","UpdateTime":"2023-08-09T10:23:55.7566667+09:00","Id":"B7E32541-C144-475E-A46F-F17141066655","CreateTime":"2023-08-09T10:23:55.7566667+09:00","Type":0,"Email":"hjchoi@kcc.co.kr","IsActive":true},"CreatedBy":{"Name":"KCC_hjChoi","UpdateTime":"2023-08-09T10:23:55.7566667+09:00","Id":"B7E32541-C144-475E-A46F-F17141066655","CreateTime":"2023-08-09T10:23:55.7566667+09:00","Type":0,"Email":"hjchoi@kcc.co.kr","IsActive":true},"UpdatedBy":{"Name":"KCC_hjChoi","UpdateTime":"2023-08-09T10:23:55.7566667+09:00","Id":"B7E32541-C144-475E-A46F-F17141066655","CreateTime":"2023-08-09T10:23:55.7566667+09:00","Type":0,"Email":"hjchoi@kcc.co.kr","IsActive":true}}},{"invoice":{"InvoiceNumber":"207285","Vendor":"FR065748","Month":6.0,"Amount":238370.0,"Tax":47674.0,"Total":286044.0,"Currency":"EUR","UpdateTime":"2025-02-24T16:08:21.6846672+09:00","Id":"430E09D4-8237-4E4A-BCF6-019536C9115D","CreateTime":"2025-02-24T16:08:21.6846672+09:00","RecordOwner":{"Name":"KCC_hjChoi","UpdateTime":"2023-08-09T10:23:55.7566667+09:00","Id":"B7E32541-C144-475E-A46F-F17141066655","CreateTime":"2023-08-09T10:23:55.7566667+09:00","Type":0,"Email":"hjchoi@kcc.co.kr","IsActive":true},"CreatedBy":{"Name":"KCC_hjChoi","UpdateTime":"2023-08-09T10:23:55.7566667+09:00","Id":"B7E32541-C144-475E-A46F-F17141066655","CreateTime":"2023-08-09T10:23:55.7566667+09:00","Type":0,"Email":"hjchoi@kcc.co.kr","IsActive":true},"UpdatedBy":{"Name":"KCC_hjChoi","UpdateTime":"2023-08-09T10:23:55.7566667+09:00","Id":"B7E32541-C144-475E-A46F-F17141066655","CreateTime":"2023-08-09T10:23:55.7566667+09:00","Type":0,"Email":"hjchoi@kcc.co.kr","IsActive":true}}},{"invoice":{"InvoiceNumber":"757896","Vendor":"RU567434","Month":7.0,"Amount":326122.0,"Tax":65224.4,"Total":381386.2,"Currency":"EUR","UpdateTime":"2025-02-24T16:08:21.6846672+09:00","Id":"DE907252-0BDF-4616-839E-019536C9115E","CreateTime":"2025-02-24T16:08:21.6846672+09:00","RecordOwner":{"Name":"KCC_hjChoi","UpdateTime":"2023-08-09T10:23:55.7566667+09:00","Id":"B7E32541-C144-475E-A46F-F17141066655","CreateTime":"2023-08-09T10:23:55.7566667+09:00","Type":0,"Email":"hjchoi@kcc.co.kr","IsActive":true},"CreatedBy":{"Name":"KCC_hjChoi","UpdateTime":"2023-08-09T10:23:55.7566667+09:00","Id":"B7E32541-C144-475E-A46F-F17141066655","CreateTime":"2023-08-09T10:23:55.7566667+09:00","Type":0,"Email":"hjchoi@kcc.co.kr","IsActive":true},"UpdatedBy":{"Name":"KCC_hjChoi","UpdateTime":"2023-08-09T10:23:55.7566667+09:00","Id":"B7E32541-C144-475E-A46F-F17141066655","CreateTime":"2023-08-09T10:23:55.7566667+09:00","Type":0,"Email":"hjchoi@kcc.co.kr","IsActive":true}}},{"invoice":{"InvoiceNumber":"307977","Vendor":"DE763212","Month":8.0,"Amount":416895.0,"Tax":83379.0,"Total":490273.6,"Currency":"EUR","UpdateTime":"2025-02-24T16:08:21.6846672+09:00","Id":"6A57BFD0-52F4-46CE-83BA-019536C9115F","CreateTime":"2025-02-24T16:08:21.6846672+09:00","RecordOwner":{"Name":"KCC_hjChoi","UpdateTime":"2023-08-09T10:23:55.7566667+09:00","Id":"B7E32541-C144-475E-A46F-F17141066655","CreateTime":"2023-08-09T10:23:55.7566667+09:00","Type":0,"Email":"hjchoi@kcc.co.kr","IsActive":true},"CreatedBy":{"Name":"KCC_hjChoi","UpdateTime":"2023-08-09T10:23:55.7566667+09:00","Id":"B7E32541-C144-475E-A46F-F17141066655","CreateTime":"2023-08-09T10:23:55.7566667+09:00","Type":0,"Email":"hjchoi@kcc.co.kr","IsActive":true},"UpdatedBy":{"Name":"KCC_hjChoi","UpdateTime":"2023-08-09T10:23:55.7566667+09:00","Id":"B7E32541-C144-475E-A46F-F17141066655","CreateTime":"2023-08-09T10:23:55.7566667+09:00","Type":0,"Email":"hjchoi@kcc.co.kr","IsActive":true}}},{"invoice":{"InvoiceNumber":"971249","Vendor":"DE763212","Month":9.0,"Amount":278644.0,"Tax":55728.8,"Total":334373.0,"Currency":"EUR","UpdateTime":"2025-02-24T16:08:21.6846672+09:00","Id":"2FFD674C-AE2F-4304-8F12-019536C91160","CreateTime":"2025-02-24T16:08:21.6846672+09:00","RecordOwner":{"Name":"KCC_hjChoi","UpdateTime":"2023-08-09T10:23:55.7566667+09:00","Id":"B7E32541-C144-475E-A46F-F17141066655","CreateTime":"2023-08-09T10:23:55.7566667+09:00","Type":0,"Email":"hjchoi@kcc.co.kr","IsActive":true},"CreatedBy":{"Name":"KCC_hjChoi","UpdateTime":"2023-08-09T10:23:55.7566667+09:00","Id":"B7E32541-C144-475E-A46F-F17141066655","CreateTime":"2023-08-09T10:23:55.7566667+09:00","Type":0,"Email":"hjchoi@kcc.co.kr","IsActive":true},"UpdatedBy":{"Name":"KCC_hjChoi","UpdateTime":"2023-08-09T10:23:55.7566667+09:00","Id":"B7E32541-C144-475E-A46F-F17141066655","CreateTime":"2023-08-09T10:23:55.7566667+09:00","Type":0,"Email":"hjchoi@kcc.co.kr","IsActive":true}}},{"invoice":{"InvoiceNumber":"209259","Vendor":"RO345879","Month":10.0,"Amount":86148.0,"Tax":17229.6,"Total":103378.0,"Currency":"EUR","UpdateTime":"2025-02-24T16:08:21.6846672+09:00","Id":"B04E0F29-6267-4125-8DF6-019536C91161","CreateTime":"2025-02-24T16:08:21.6846672+09:00","RecordOwner":{"Name":"KCC_hjChoi","UpdateTime":"2023-08-09T10:23:55.7566667+09:00","Id":"B7E32541-C144-475E-A46F-F17141066655","CreateTime":"2023-08-09T10:23:55.7566667+09:00","Type":0,"Email":"hjchoi@kcc.co.kr","IsActive":true},"CreatedBy":{"Name":"KCC_hjChoi","UpdateTime":"2023-08-09T10:23:55.7566667+09:00","Id":"B7E32541-C144-475E-A46F-F17141066655","CreateTime":"2023-08-09T10:23:55.7566667+09:00","Type":0,"Email":"hjchoi@kcc.co.kr","IsActive":true},"UpdatedBy":{"Name":"KCC_hjChoi","UpdateTime":"2023-08-09T10:23:55.7566667+09:00","Id":"B7E32541-C144-475E-A46F-F17141066655","CreateTime":"2023-08-09T10:23:55.7566667+09:00","Type":0,"Email":"hjchoi@kcc.co.kr","IsActive":true}}},{"invoice":{"InvoiceNumber":"602918","Vendor":"DE325476","Month":11.0,"Amount":46479.0,"Tax":9295.8,"Total":55774.8,"Currency":"EUR","UpdateTime":"2025-02-24T16:08:21.6846672+09:00","Id":"0FC68451-212F-438F-AEBF-019536C91162","CreateTime":"2025-02-24T16:08:21.6846672+09:00","RecordOwner":{"Name":"KCC_hjChoi","UpdateTime":"2023-08-09T10:23:55.7566667+09:00","Id":"B7E32541-C144-475E-A46F-F17141066655","CreateTime":"2023-08-09T10:23:55.7566667+09:00","Type":0,"Email":"hjchoi@kcc.co.kr","IsActive":true},"CreatedBy":{"Name":"KCC_hjChoi","UpdateTime":"2023-08-09T10:23:55.7566667+09:00","Id":"B7E32541-C144-475E-A46F-F17141066655","CreateTime":"2023-08-09T10:23:55.7566667+09:00","Type":0,"Email":"hjchoi@kcc.co.kr","IsActive":true},"UpdatedBy":{"Name":"KCC_hjChoi","UpdateTime":"2023-08-09T10:23:55.7566667+09:00","Id":"B7E32541-C144-475E-A46F-F17141066655","CreateTime":"2023-08-09T10:23:55.7566667+09:00","Type":0,"Email":"hjchoi@kcc.co.kr","IsActive":true}}},{"invoice":{"InvoiceNumber":"801918","Vendor":"IT231232","Month":12.0,"Amount":280083.0,"Tax":56016.6,"Total":336100.0,"Currency":"EUR","UpdateTime":"2025-02-24T16:08:21.6846672+09:00","Id":"D8F5DE64-D8BD-4683-9979-019536C91163","CreateTime":"2025-02-24T16:08:21.6846672+09:00","RecordOwner":{"Name":"KCC_hjChoi","UpdateTime":"2023-08-09T10:23:55.7566667+09:00","Id":"B7E32541-C144-475E-A46F-F17141066655","CreateTime":"2023-08-09T10:23:55.7566667+09:00","Type":0,"Email":"hjchoi@kcc.co.kr","IsActive":true},"CreatedBy":{"Name":"KCC_hjChoi","UpdateTime":"2023-08-09T10:23:55.7566667+09:00","Id":"B7E32541-C144-475E-A46F-F17141066655","CreateTime":"2023-08-09T10:23:55.7566667+09:00","Type":0,"Email":"hjchoi@kcc.co.kr","IsActive":true},"UpdatedBy":{"Name":"KCC_hjChoi","UpdateTime":"2023-08-09T10:23:55.7566667+09:00","Id":"B7E32541-C144-475E-A46F-F17141066655","CreateTime":"2023-08-09T10:23:55.7566667+09:00","Type":0,"Email":"hjchoi@kcc.co.kr","IsActive":true}}},{"invoice":{"InvoiceNumber":"916472","Vendor":"DE763212","Month":1.0,"Amount":220806.0,"Tax":44161.2,"Total":364167.0,"Currency":"EUR","UpdateTime":"2025-02-24T16:08:21.6846672+09:00","Id":"14C22A5A-09B5-422F-A1EB-019536C91164","CreateTime":"2025-02-24T16:08:21.6846672+09:00","RecordOwner":{"Name":"KCC_hjChoi","UpdateTime":"2023-08-09T10:23:55.7566667+09:00","Id":"B7E32541-C144-475E-A46F-F17141066655","CreateTime":"2023-08-09T10:23:55.7566667+09:00","Type":0,"Email":"hjchoi@kcc.co.kr","IsActive":true},"CreatedBy":{"Name":"KCC_hjChoi","UpdateTime":"2023-08-09T10:23:55.7566667+09:00","Id":"B7E32541-C144-475E-A46F-F17141066655","CreateTime":"2023-08-09T10:23:55.7566667+09:00","Type":0,"Email":"hjchoi@kcc.co.kr","IsActive":true},"UpdatedBy":{"Name":"KCC_hjChoi","UpdateTime":"2023-08-09T10:23:55.7566667+09:00","Id":"B7E32541-C144-475E-A46F-F17141066655","CreateTime":"2023-08-09T10:23:55.7566667+09:00","Type":0,"Email":"hjchoi@kcc.co.kr","IsActive":true}}},{"invoice":{"InvoiceNumber":"835664","Vendor":"DE456232","Month":2.0,"Amount":301117.0,"Tax":60223.4,"Total":361340.2,"Currency":"EUR","UpdateTime":"2025-02-24T16:08:21.6846672+09:00","Id":"8CF628ED-6B1A-4F3B-9779-019536C91165","CreateTime":"2025-02-24T16:08:21.6846672+09:00","RecordOwner":{"Name":"KCC_hjChoi","UpdateTime":"2023-08-09T10:23:55.7566667+09:00","Id":"B7E32541-C144-475E-A46F-F17141066655","CreateTime":"2023-08-09T10:23:55.7566667+09:00","Type":0,"Email":"hjchoi@kcc.co.kr","IsActive":true},"CreatedBy":{"Name":"KCC_hjChoi","UpdateTime":"2023-08-09T10:23:55.7566667+09:00","Id":"B7E32541-C144-475E-A46F-F17141066655","CreateTime":"2023-08-09T10:23:55.7566667+09:00","Type":0,"Email":"hjchoi@kcc.co.kr","IsActive":true},"UpdatedBy":{"Name":"KCC_hjChoi","UpdateTime":"2023-08-09T10:23:55.7566667+09:00","Id":"B7E32541-C144-475E-A46F-F17141066655","CreateTime":"2023-08-09T10:23:55.7566667+09:00","Type":0,"Email":"hjchoi@kcc.co.kr","IsActive":true}}},{"invoice":{"InvoiceNumber":"613649","Vendor":"RO874231","Month":3.0,"Amount":329522.0,"Tax":65904.4,"Total":395426.4,"Currency":"EUR","UpdateTime":"2025-02-24T16:08:21.6846672+09:00","Id":"9CDDF640-AF31-47E6-BDF8-019536C91166","CreateTime":"2025-02-24T16:08:21.6846672+09:00","RecordOwner":{"Name":"KCC_hjChoi","UpdateTime":"2023-08-09T10:23:55.7566667+09:00","Id":"B7E32541-C144-475E-A46F-F17141066655","CreateTime":"2023-08-09T10:23:55.7566667+09:00","Type":0,"Email":"hjchoi@kcc.co.kr","IsActive":true},"CreatedBy":{"Name":"KCC_hjChoi","UpdateTime":"2023-08-09T10:23:55.7566667+09:00","Id":"B7E32541-C144-475E-A46F-F17141066655","CreateTime":"2023-08-09T10:23:55.7566667+09:00","Type":0,"Email":"hjchoi@kcc.co.kr","IsActive":true},"UpdatedBy":{"Name":"KCC_hjChoi","UpdateTime":"2023-08-09T10:23:55.7566667+09:00","Id":"B7E32541-C144-475E-A46F-F17141066655","CreateTime":"2023-08-09T10:23:55.7566667+09:00","Type":0,"Email":"hjchoi@kcc.co.kr","IsActive":true}}},{"invoice":{"InvoiceNumber":"491477","Vendor":"IT754893","Month":4.0,"Amount":300063.0,"Tax":60012.6,"Total":360075.6,"Currency":"EUR","UpdateTime":"2025-02-24T16:08:21.6846672+09:00","Id":"189F3922-49D5-4C88-9CAF-019536C91167","CreateTime":"2025-02-24T16:08:21.6846672+09:00","RecordOwner":{"Name":"KCC_hjChoi","UpdateTime":"2023-08-09T10:23:55.7566667+09:00","Id":"B7E32541-C144-475E-A46F-F17141066655","CreateTime":"2023-08-09T10:23:55.7566667+09:00","Type":0,"Email":"hjchoi@kcc.co.kr","IsActive":true},"CreatedBy":{"Name":"KCC_hjChoi","UpdateTime":"2023-08-09T10:23:55.7566667+09:00","Id":"B7E32541-C144-475E-A46F-F17141066655","CreateTime":"2023-08-09T10:23:55.7566667+09:00","Type":0,"Email":"hjchoi@kcc.co.kr","IsActive":true},"UpdatedBy":{"Name":"KCC_hjChoi","UpdateTime":"2023-08-09T10:23:55.7566667+09:00","Id":"B7E32541-C144-475E-A46F-F17141066655","CreateTime":"2023-08-09T10:23:55.7566667+09:00","Type":0,"Email":"hjchoi@kcc.co.kr","IsActive":true}}},{"invoice":{"InvoiceNumber":"848919","Vendor":"RO123456","Month":5.0,"Amount":168085.0,"Tax":33617.0,"Total":201702.0,"Currency":"EUR","UpdateTime":"2025-02-24T16:08:21.6846672+09:00","Id":"76537B68-9856-466E-AF29-019536C91168","CreateTime":"2025-02-24T16:08:21.6846672+09:00","RecordOwner":{"Name":"KCC_hjChoi","UpdateTime":"2023-08-09T10:23:55.7566667+09:00","Id":"B7E32541-C144-475E-A46F-F17141066655","CreateTime":"2023-08-09T10:23:55.7566667+09:00","Type":0,"Email":"hjchoi@kcc.co.kr","IsActive":true},"CreatedBy":{"Name":"KCC_hjChoi","UpdateTime":"2023-08-09T10:23:55.7566667+09:00","Id":"B7E32541-C144-475E-A46F-F17141066655","CreateTime":"2023-08-09T10:23:55.7566667+09:00","Type":0,"Email":"hjchoi@kcc.co.kr","IsActive":true},"UpdatedBy":{"Name":"KCC_hjChoi","UpdateTime":"2023-08-09T10:23:55.7566667+09:00","Id":"B7E32541-C144-475E-A46F-F17141066655","CreateTime":"2023-08-09T10:23:55.7566667+09:00","Type":0,"Email":"hjchoi@kcc.co.kr","IsActive":true}}},{"invoice":{"InvoiceNumber":"814900","Vendor":"IT231232","Month":6.0,"Amount":168085.0,"Tax":33617.0,"Total":201702.0,"Currency":"EUR","UpdateTime":"2025-02-24T16:08:21.6846672+09:00","Id":"7BAEADE2-4ED1-4382-A70F-019536C91169","CreateTime":"2025-02-24T16:08:21.6846672+09:00","RecordOwner":{"Name":"KCC_hjChoi","UpdateTime":"2023-08-09T10:23:55.7566667+09:00","Id":"B7E32541-C144-475E-A46F-F17141066655","CreateTime":"2023-08-09T10:23:55.7566667+09:00","Type":0,"Email":"hjchoi@kcc.co.kr","IsActive":true},"CreatedBy":{"Name":"KCC_hjChoi","UpdateTime":"2023-08-09T10:23:55.7566667+09:00","Id":"B7E32541-C144-475E-A46F-F17141066655","CreateTime":"2023-08-09T10:23:55.7566667+09:00","Type":0,"Email":"hjchoi@kcc.co.kr","IsActive":true},"UpdatedBy":{"Name":"KCC_hjChoi","UpdateTime":"2023-08-09T10:23:55.7566667+09:00","Id":"B7E32541-C144-475E-A46F-F17141066655","CreateTime":"2023-08-09T10:23:55.7566667+09:00","Type":0,"Email":"hjchoi@kcc.co.kr","IsActive":true}}},{"invoice":{"InvoiceNumber":"624586","Vendor":"RO892123","Month":7.0,"Amount":646795.0,"Tax":129359.0,"Total":776154.0,"Currency":"EUR","UpdateTime":"2025-02-24T16:08:21.6846672+09:00","Id":"2CFA2FA3-A38D-4C36-BEDF-019536C9116A","CreateTime":"2025-02-24T16:08:21.6846672+09:00","RecordOwner":{"Name":"KCC_hjChoi","UpdateTime":"2023-08-09T10:23:55.7566667+09:00","Id":"B7E32541-C144-475E-A46F-F17141066655","CreateTime":"2023-08-09T10:23:55.7566667+09:00","Type":0,"Email":"hjchoi@kcc.co.kr","IsActive":true},"CreatedBy":{"Name":"KCC_hjChoi","UpdateTime":"2023-08-09T10:23:55.7566667+09:00","Id":"B7E32541-C144-475E-A46F-F17141066655","CreateTime":"2023-08-09T10:23:55.7566667+09:00","Type":0,"Email":"hjchoi@kcc.co.kr","IsActive":true},"UpdatedBy":{"Name":"KCC_hjChoi","UpdateTime":"2023-08-09T10:23:55.7566667+09:00","Id":"B7E32541-C144-475E-A46F-F17141066655","CreateTime":"2023-08-09T10:23:55.7566667+09:00","Type":0,"Email":"hjchoi@kcc.co.kr","IsActive":true}}},{"invoice":{"InvoiceNumber":"325985","Vendor":"RU567434","Month":8.0,"Amount":64696.0,"Tax":12939.2,"Total":762245.2,"Currency":"EUR","UpdateTime":"2025-02-24T16:08:21.6846672+09:00","Id":"5BE4104C-63EE-4503-AAD2-019536C9116B","CreateTime":"2025-02-24T16:08:21.6846672+09:00","RecordOwner":{"Name":"KCC_hjChoi","UpdateTime":"2023-08-09T10:23:55.7566667+09:00","Id":"B7E32541-C144-475E-A46F-F17141066655","CreateTime":"2023-08-09T10:23:55.7566667+09:00","Type":0,"Email":"hjchoi@kcc.co.kr","IsActive":true},"CreatedBy":{"Name":"KCC_hjChoi","UpdateTime":"2023-08-09T10:23:55.7566667+09:00","Id":"B7E32541-C144-475E-A46F-F17141066655","CreateTime":"2023-08-09T10:23:55.7566667+09:00","Type":0,"Email":"hjchoi@kcc.co.kr","IsActive":true},"UpdatedBy":{"Name":"KCC_hjChoi","UpdateTime":"2023-08-09T10:23:55.7566667+09:00","Id":"B7E32541-C144-475E-A46F-F17141066655","CreateTime":"2023-08-09T10:23:55.7566667+09:00","Type":0,"Email":"hjchoi@kcc.co.kr","IsActive":true}}},{"invoice":{"InvoiceNumber":"655328","Vendor":"DE456232","Month":9.0,"Amount":72422.0,"Tax":14484.4,"Total":86906.4,"Currency":"EUR","UpdateTime":"2025-02-24T16:08:21.6846672+09:00","Id":"53229671-58CF-48DD-BAF6-019536C9116C","CreateTime":"2025-02-24T16:08:21.6846672+09:00","RecordOwner":{"Name":"KCC_hjChoi","UpdateTime":"2023-08-09T10:23:55.7566667+09:00","Id":"B7E32541-C144-475E-A46F-F17141066655","CreateTime":"2023-08-09T10:23:55.7566667+09:00","Type":0,"Email":"hjchoi@kcc.co.kr","IsActive":true},"CreatedBy":{"Name":"KCC_hjChoi","UpdateTime":"2023-08-09T10:23:55.7566667+09:00","Id":"B7E32541-C144-475E-A46F-F17141066655","CreateTime":"2023-08-09T10:23:55.7566667+09:00","Type":0,"Email":"hjchoi@kcc.co.kr","IsActive":true},"UpdatedBy":{"Name":"KCC_hjChoi","UpdateTime":"2023-08-09T10:23:55.7566667+09:00","Id":"B7E32541-C144-475E-A46F-F17141066655","CreateTime":"2023-08-09T10:23:55.7566667+09:00","Type":0,"Email":"hjchoi@kcc.co.kr","IsActive":true}}},{"invoice":{"InvoiceNumber":"597808","Vendor":"RU567434","Month":10.0,"Amount":195220.0,"Tax":39044.0,"Total":234264.0,"Currency":"EUR","UpdateTime":"2025-02-24T16:08:21.6846672+09:00","Id":"27113258-FF9A-45F2-8F26-019536C9116D","CreateTime":"2025-02-24T16:08:21.6846672+09:00","RecordOwner":{"Name":"KCC_hjChoi","UpdateTime":"2023-08-09T10:23:55.7566667+09:00","Id":"B7E32541-C144-475E-A46F-F17141066655","CreateTime":"2023-08-09T10:23:55.7566667+09:00","Type":0,"Email":"hjchoi@kcc.co.kr","IsActive":true},"CreatedBy":{"Name":"KCC_hjChoi","UpdateTime":"2023-08-09T10:23:55.7566667+09:00","Id":"B7E32541-C144-475E-A46F-F17141066655","CreateTime":"2023-08-09T10:23:55.7566667+09:00","Type":0,"Email":"hjchoi@kcc.co.kr","IsActive":true},"UpdatedBy":{"Name":"KCC_hjChoi","UpdateTime":"2023-08-09T10:23:55.7566667+09:00","Id":"B7E32541-C144-475E-A46F-F17141066655","CreateTime":"2023-08-09T10:23:55.7566667+09:00","Type":0,"Email":"hjchoi@kcc.co.kr","IsActive":true}}},{"invoice":{"InvoiceNumber":"350781","Vendor":"DE987564","Month":11.0,"Amount":58938.0,"Tax":11787.6,"Total":70725.6,"Currency":"EUR","UpdateTime":"2025-02-24T16:08:21.6846672+09:00","Id":"893AF78D-4C52-4B25-A877-019536C9116E","CreateTime":"2025-02-24T16:08:21.6846672+09:00","RecordOwner":{"Name":"KCC_hjChoi","UpdateTime":"2023-08-09T10:23:55.7566667+09:00","Id":"B7E32541-C144-475E-A46F-F17141066655","CreateTime":"2023-08-09T10:23:55.7566667+09:00","Type":0,"Email":"hjchoi@kcc.co.kr","IsActive":true},"CreatedBy":{"Name":"KCC_hjChoi","UpdateTime":"2023-08-09T10:23:55.7566667+09:00","Id":"B7E32541-C144-475E-A46F-F17141066655","CreateTime":"2023-08-09T10:23:55.7566667+09:00","Type":0,"Email":"hjchoi@kcc.co.kr","IsActive":true},"UpdatedBy":{"Name":"KCC_hjChoi","UpdateTime":"2023-08-09T10:23:55.7566667+09:00","Id":"B7E32541-C144-475E-A46F-F17141066655","CreateTime":"2023-08-09T10:23:55.7566667+09:00","Type":0,"Email":"hjchoi@kcc.co.kr","IsActive":true}}},{"invoice":{"InvoiceNumber":"482028","Vendor":"FR453231","Month":12.0,"Amount":198288.0,"Tax":39657.6,"Total":237946.0,"Currency":"EUR","UpdateTime":"2025-02-24T16:08:21.6846672+09:00","Id":"EE9AB23B-3B43-4883-BB8A-019536C9116F","CreateTime":"2025-02-24T16:08:21.6846672+09:00","RecordOwner":{"Name":"KCC_hjChoi","UpdateTime":"2023-08-09T10:23:55.7566667+09:00","Id":"B7E32541-C144-475E-A46F-F17141066655","CreateTime":"2023-08-09T10:23:55.7566667+09:00","Type":0,"Email":"hjchoi@kcc.co.kr","IsActive":true},"CreatedBy":{"Name":"KCC_hjChoi","UpdateTime":"2023-08-09T10:23:55.7566667+09:00","Id":"B7E32541-C144-475E-A46F-F17141066655","CreateTime":"2023-08-09T10:23:55.7566667+09:00","Type":0,"Email":"hjchoi@kcc.co.kr","IsActive":true},"UpdatedBy":{"Name":"KCC_hjChoi","UpdateTime":"2023-08-09T10:23:55.7566667+09:00","Id":"B7E32541-C144-475E-A46F-F17141066655","CreateTime":"2023-08-09T10:23:55.7566667+09:00","Type":0,"Email":"hjchoi@kcc.co.kr","IsActive":true}}},{"invoice":{"InvoiceNumber":"187337","Vendor":"RO892123","Month":1.0,"Amount":361707.0,"Tax":72341.4,"Total":434049.0,"Currency":"EUR","UpdateTime":"2025-02-24T16:08:21.6846672+09:00","Id":"B6B7F3C6-477C-4A9F-B059-019536C91170","CreateTime":"2025-02-24T16:08:21.6846672+09:00","RecordOwner":{"Name":"KCC_hjChoi","UpdateTime":"2023-08-09T10:23:55.7566667+09:00","Id":"B7E32541-C144-475E-A46F-F17141066655","CreateTime":"2023-08-09T10:23:55.7566667+09:00","Type":0,"Email":"hjchoi@kcc.co.kr","IsActive":true},"CreatedBy":{"Name":"KCC_hjChoi","UpdateTime":"2023-08-09T10:23:55.7566667+09:00","Id":"B7E32541-C144-475E-A46F-F17141066655","CreateTime":"2023-08-09T10:23:55.7566667+09:00","Type":0,"Email":"hjchoi@kcc.co.kr","IsActive":true},"UpdatedBy":{"Name":"KCC_hjChoi","UpdateTime":"2023-08-09T10:23:55.7566667+09:00","Id":"B7E32541-C144-475E-A46F-F17141066655","CreateTime":"2023-08-09T10:23:55.7566667+09:00","Type":0,"Email":"hjchoi@kcc.co.kr","IsActive":true}}},{"invoice":{"InvoiceNumber":"373206","Vendor":"RO657483","Month":2.0,"Amount":189944.0,"Tax":37988.8,"Total":227933.0,"Currency":"EUR","UpdateTime":"2025-02-24T16:08:21.6846672+09:00","Id":"4895888B-995E-401E-A987-019536C91171","CreateTime":"2025-02-24T16:08:21.6846672+09:00","RecordOwner":{"Name":"KCC_hjChoi","UpdateTime":"2023-08-09T10:23:55.7566667+09:00","Id":"B7E32541-C144-475E-A46F-F17141066655","CreateTime":"2023-08-09T10:23:55.7566667+09:00","Type":0,"Email":"hjchoi@kcc.co.kr","IsActive":true},"CreatedBy":{"Name":"KCC_hjChoi","UpdateTime":"2023-08-09T10:23:55.7566667+09:00","Id":"B7E32541-C144-475E-A46F-F17141066655","CreateTime":"2023-08-09T10:23:55.7566667+09:00","Type":0,"Email":"hjchoi@kcc.co.kr","IsActive":true},"UpdatedBy":{"Name":"KCC_hjChoi","UpdateTime":"2023-08-09T10:23:55.7566667+09:00","Id":"B7E32541-C144-475E-A46F-F17141066655","CreateTime":"2023-08-09T10:23:55.7566667+09:00","Type":0,"Email":"hjchoi@kcc.co.kr","IsActive":true}}},{"invoice":{"InvoiceNumber":"456899","Vendor":"RO892123","Month":3.0,"Amount":33726.0,"Tax":6745.2,"Total":40471.2,"Currency":"EUR","UpdateTime":"2025-02-24T16:08:21.6846672+09:00","Id":"CEB569EA-634D-4134-ACC8-019536C91172","CreateTime":"2025-02-24T16:08:21.6846672+09:00","RecordOwner":{"Name":"KCC_hjChoi","UpdateTime":"2023-08-09T10:23:55.7566667+09:00","Id":"B7E32541-C144-475E-A46F-F17141066655","CreateTime":"2023-08-09T10:23:55.7566667+09:00","Type":0,"Email":"hjchoi@kcc.co.kr","IsActive":true},"CreatedBy":{"Name":"KCC_hjChoi","UpdateTime":"2023-08-09T10:23:55.7566667+09:00","Id":"B7E32541-C144-475E-A46F-F17141066655","CreateTime":"2023-08-09T10:23:55.7566667+09:00","Type":0,"Email":"hjchoi@kcc.co.kr","IsActive":true},"UpdatedBy":{"Name":"KCC_hjChoi","UpdateTime":"2023-08-09T10:23:55.7566667+09:00","Id":"B7E32541-C144-475E-A46F-F17141066655","CreateTime":"2023-08-09T10:23:55.7566667+09:00","Type":0,"Email":"hjchoi@kcc.co.kr","IsActive":true}}},{"invoice":{"InvoiceNumber":"808228","Vendor":"DE456232","Month":4.0,"Amount":134710.0,"Tax":26942.0,"Total":161652.0,"Currency":"EUR","UpdateTime":"2025-02-24T16:08:21.6846672+09:00","Id":"F4837BD4-FD7A-40D1-BE50-019536C91173","CreateTime":"2025-02-24T16:08:21.6846672+09:00","RecordOwner":{"Name":"KCC_hjChoi","UpdateTime":"2023-08-09T10:23:55.7566667+09:00","Id":"B7E32541-C144-475E-A46F-F17141066655","CreateTime":"2023-08-09T10:23:55.7566667+09:00","Type":0,"Email":"hjchoi@kcc.co.kr","IsActive":true},"CreatedBy":{"Name":"KCC_hjChoi","UpdateTime":"2023-08-09T10:23:55.7566667+09:00","Id":"B7E32541-C144-475E-A46F-F17141066655","CreateTime":"2023-08-09T10:23:55.7566667+09:00","Type":0,"Email":"hjchoi@kcc.co.kr","IsActive":true},"UpdatedBy":{"Name":"KCC_hjChoi","UpdateTime":"2023-08-09T10:23:55.7566667+09:00","Id":"B7E32541-C144-475E-A46F-F17141066655","CreateTime":"2023-08-09T10:23:55.7566667+09:00","Type":0,"Email":"hjchoi@kcc.co.kr","IsActive":true}}},{"invoice":{"InvoiceNumber":"415186","Vendor":"IT754893","Month":5.0,"Amount":476229.0,"Tax":95245.8,"Total":571475.0,"Currency":"EUR","UpdateTime":"2025-02-24T16:08:21.6846672+09:00","Id":"450DA1F5-D102-4F2D-9619-019536C91174","CreateTime":"2025-02-24T16:08:21.6846672+09:00","RecordOwner":{"Name":"KCC_hjChoi","UpdateTime":"2023-08-09T10:23:55.7566667+09:00","Id":"B7E32541-C144-475E-A46F-F17141066655","CreateTime":"2023-08-09T10:23:55.7566667+09:00","Type":0,"Email":"hjchoi@kcc.co.kr","IsActive":true},"CreatedBy":{"Name":"KCC_hjChoi","UpdateTime":"2023-08-09T10:23:55.7566667+09:00","Id":"B7E32541-C144-475E-A46F-F17141066655","CreateTime":"2023-08-09T10:23:55.7566667+09:00","Type":0,"Email":"hjchoi@kcc.co.kr","IsActive":true},"UpdatedBy":{"Name":"KCC_hjChoi","UpdateTime":"2023-08-09T10:23:55.7566667+09:00","Id":"B7E32541-C144-475E-A46F-F17141066655","CreateTime":"2023-08-09T10:23:55.7566667+09:00","Type":0,"Email":"hjchoi@kcc.co.kr","IsActive":true}}},{"invoice":{"InvoiceNumber":"301302","Vendor":"DE456232","Month":6.0,"Amount":427393.0,"Tax":85478.6,"Total":512871.0,"Currency":"EUR","UpdateTime":"2025-02-24T16:08:21.6846672+09:00","Id":"57A6F472-D14F-4693-BA49-019536C91175","CreateTime":"2025-02-24T16:08:21.6846672+09:00","RecordOwner":{"Name":"KCC_hjChoi","UpdateTime":"2023-08-09T10:23:55.7566667+09:00","Id":"B7E32541-C144-475E-A46F-F17141066655","CreateTime":"2023-08-09T10:23:55.7566667+09:00","Type":0,"Email":"hjchoi@kcc.co.kr","IsActive":true},"CreatedBy":{"Name":"KCC_hjChoi","UpdateTime":"2023-08-09T10:23:55.7566667+09:00","Id":"B7E32541-C144-475E-A46F-F17141066655","CreateTime":"2023-08-09T10:23:55.7566667+09:00","Type":0,"Email":"hjchoi@kcc.co.kr","IsActive":true},"UpdatedBy":{"Name":"KCC_hjChoi","UpdateTime":"2023-08-09T10:23:55.7566667+09:00","Id":"B7E32541-C144-475E-A46F-F17141066655","CreateTime":"2023-08-09T10:23:55.7566667+09:00","Type":0,"Email":"hjchoi@kcc.co.kr","IsActive":true}}},{"invoice":{"InvoiceNumber":"331009","Vendor":"DE767565","Month":7.0,"Amount":427393.0,"Tax":85478.6,"Total":512871.0,"Currency":"EUR","UpdateTime":"2025-02-24T16:08:21.6846672+09:00","Id":"6E3C0988-D9CC-4059-8DB7-019536C91176","CreateTime":"2025-02-24T16:08:21.6846672+09:00","RecordOwner":{"Name":"KCC_hjChoi","UpdateTime":"2023-08-09T10:23:55.7566667+09:00","Id":"B7E32541-C144-475E-A46F-F17141066655","CreateTime":"2023-08-09T10:23:55.7566667+09:00","Type":0,"Email":"hjchoi@kcc.co.kr","IsActive":true},"CreatedBy":{"Name":"KCC_hjChoi","UpdateTime":"2023-08-09T10:23:55.7566667+09:00","Id":"B7E32541-C144-475E-A46F-F17141066655","CreateTime":"2023-08-09T10:23:55.7566667+09:00","Type":0,"Email":"hjchoi@kcc.co.kr","IsActive":true},"UpdatedBy":{"Name":"KCC_hjChoi","UpdateTime":"2023-08-09T10:23:55.7566667+09:00","Id":"B7E32541-C144-475E-A46F-F17141066655","CreateTime":"2023-08-09T10:23:55.7566667+09:00","Type":0,"Email":"hjchoi@kcc.co.kr","IsActive":true}}},{"invoice":{"InvoiceNumber":"354778","Vendor":"RO123456","Month":8.0,"Amount":40721.0,"Tax":8144.2,"Total":48865.2,"Currency":"EUR","UpdateTime":"2025-02-24T16:08:21.6846672+09:00","Id":"DB628640-02DF-45C5-80D4-019536C91177","CreateTime":"2025-02-24T16:08:21.6846672+09:00","RecordOwner":{"Name":"KCC_hjChoi","UpdateTime":"2023-08-09T10:23:55.7566667+09:00","Id":"B7E32541-C144-475E-A46F-F17141066655","CreateTime":"2023-08-09T10:23:55.7566667+09:00","Type":0,"Email":"hjchoi@kcc.co.kr","IsActive":true},"CreatedBy":{"Name":"KCC_hjChoi","UpdateTime":"2023-08-09T10:23:55.7566667+09:00","Id":"B7E32541-C144-475E-A46F-F17141066655","CreateTime":"2023-08-09T10:23:55.7566667+09:00","Type":0,"Email":"hjchoi@kcc.co.kr","IsActive":true},"UpdatedBy":{"Name":"KCC_hjChoi","UpdateTime":"2023-08-09T10:23:55.7566667+09:00","Id":"B7E32541-C144-475E-A46F-F17141066655","CreateTime":"2023-08-09T10:23:55.7566667+09:00","Type":0,"Email":"hjchoi@kcc.co.kr","IsActive":true}}},{"invoice":{"InvoiceNumber":"282234","Vendor":"DE456232","Month":9.0,"Amount":279135.0,"Tax":55827.0,"Total":335245.5,"Currency":"EUR","UpdateTime":"2025-02-24T16:08:21.6846672+09:00","Id":"9453BBA4-733D-42F2-9C26-019536C91178","CreateTime":"2025-02-24T16:08:21.6846672+09:00","RecordOwner":{"Name":"KCC_hjChoi","UpdateTime":"2023-08-09T10:23:55.7566667+09:00","Id":"B7E32541-C144-475E-A46F-F17141066655","CreateTime":"2023-08-09T10:23:55.7566667+09:00","Type":0,"Email":"hjchoi@kcc.co.kr","IsActive":true},"CreatedBy":{"Name":"KCC_hjChoi","UpdateTime":"2023-08-09T10:23:55.7566667+09:00","Id":"B7E32541-C144-475E-A46F-F17141066655","CreateTime":"2023-08-09T10:23:55.7566667+09:00","Type":0,"Email":"hjchoi@kcc.co.kr","IsActive":true},"UpdatedBy":{"Name":"KCC_hjChoi","UpdateTime":"2023-08-09T10:23:55.7566667+09:00","Id":"B7E32541-C144-475E-A46F-F17141066655","CreateTime":"2023-08-09T10:23:55.7566667+09:00","Type":0,"Email":"hjchoi@kcc.co.kr","IsActive":true}}},{"invoice":{"InvoiceNumber":"187050","Vendor":"RO254678","Month":10.0,"Amount":256326.0,"Tax":51265.2,"Total":307591.0,"Currency":"EUR","UpdateTime":"2025-02-24T16:08:21.6846672+09:00","Id":"231F616E-77FA-43A5-B22E-019536C91179","CreateTime":"2025-02-24T16:08:21.6846672+09:00","RecordOwner":{"Name":"KCC_hjChoi","UpdateTime":"2023-08-09T10:23:55.7566667+09:00","Id":"B7E32541-C144-475E-A46F-F17141066655","CreateTime":"2023-08-09T10:23:55.7566667+09:00","Type":0,"Email":"hjchoi@kcc.co.kr","IsActive":true},"CreatedBy":{"Name":"KCC_hjChoi","UpdateTime":"2023-08-09T10:23:55.7566667+09:00","Id":"B7E32541-C144-475E-A46F-F17141066655","CreateTime":"2023-08-09T10:23:55.7566667+09:00","Type":0,"Email":"hjchoi@kcc.co.kr","IsActive":true},"UpdatedBy":{"Name":"KCC_hjChoi","UpdateTime":"2023-08-09T10:23:55.7566667+09:00","Id":"B7E32541-C144-475E-A46F-F17141066655","CreateTime":"2023-08-09T10:23:55.7566667+09:00","Type":0,"Email":"hjchoi@kcc.co.kr","IsActive":true}}},{"invoice":{"InvoiceNumber":"274596","Vendor":"IT145632","Month":11.0,"Amount":307784.0,"Tax":61556.8,"Total":369340.4,"Currency":"EUR","UpdateTime":"2025-02-24T16:08:21.6846672+09:00","Id":"45BC22E3-B744-450D-AF60-019536C9117A","CreateTime":"2025-02-24T16:08:21.6846672+09:00","RecordOwner":{"Name":"KCC_hjChoi","UpdateTime":"2023-08-09T10:23:55.7566667+09:00","Id":"B7E32541-C144-475E-A46F-F17141066655","CreateTime":"2023-08-09T10:23:55.7566667+09:00","Type":0,"Email":"hjchoi@kcc.co.kr","IsActive":true},"CreatedBy":{"Name":"KCC_hjChoi","UpdateTime":"2023-08-09T10:23:55.7566667+09:00","Id":"B7E32541-C144-475E-A46F-F17141066655","CreateTime":"2023-08-09T10:23:55.7566667+09:00","Type":0,"Email":"hjchoi@kcc.co.kr","IsActive":true},"UpdatedBy":{"Name":"KCC_hjChoi","UpdateTime":"2023-08-09T10:23:55.7566667+09:00","Id":"B7E32541-C144-475E-A46F-F17141066655","CreateTime":"2023-08-09T10:23:55.7566667+09:00","Type":0,"Email":"hjchoi@kcc.co.kr","IsActive":true}}},{"invoice":{"InvoiceNumber":"914200","Vendor":"FR065748","Month":12.0,"Amount":72259.0,"Tax":14451.8,"Total":86710.8,"Currency":"EUR","UpdateTime":"2025-02-24T16:08:21.6846672+09:00","Id":"79390832-2818-419B-9134-019536C9117B","CreateTime":"2025-02-24T16:08:21.6846672+09:00","RecordOwner":{"Name":"KCC_hjChoi","UpdateTime":"2023-08-09T10:23:55.7566667+09:00","Id":"B7E32541-C144-475E-A46F-F17141066655","CreateTime":"2023-08-09T10:23:55.7566667+09:00","Type":0,"Email":"hjchoi@kcc.co.kr","IsActive":true},"CreatedBy":{"Name":"KCC_hjChoi","UpdateTime":"2023-08-09T10:23:55.7566667+09:00","Id":"B7E32541-C144-475E-A46F-F17141066655","CreateTime":"2023-08-09T10:23:55.7566667+09:00","Type":0,"Email":"hjchoi@kcc.co.kr","IsActive":true},"UpdatedBy":{"Name":"KCC_hjChoi","UpdateTime":"2023-08-09T10:23:55.7566667+09:00","Id":"B7E32541-C144-475E-A46F-F17141066655","CreateTime":"2023-08-09T10:23:55.7566667+09:00","Type":0,"Email":"hjchoi@kcc.co.kr","IsActive":true}}},{"invoice":{"InvoiceNumber":"919682","Vendor":"RO254678","Month":1.0,"Amount":275812.0,"Tax":55162.4,"Total":330974.0,"Currency":"EUR","UpdateTime":"2025-02-24T16:08:21.6846672+09:00","Id":"CEC398A1-BBB1-4051-83A4-019536C9117C","CreateTime":"2025-02-24T16:08:21.6846672+09:00","RecordOwner":{"Name":"KCC_hjChoi","UpdateTime":"2023-08-09T10:23:55.7566667+09:00","Id":"B7E32541-C144-475E-A46F-F17141066655","CreateTime":"2023-08-09T10:23:55.7566667+09:00","Type":0,"Email":"hjchoi@kcc.co.kr","IsActive":true},"CreatedBy":{"Name":"KCC_hjChoi","UpdateTime":"2023-08-09T10:23:55.7566667+09:00","Id":"B7E32541-C144-475E-A46F-F17141066655","CreateTime":"2023-08-09T10:23:55.7566667+09:00","Type":0,"Email":"hjchoi@kcc.co.kr","IsActive":true},"UpdatedBy":{"Name":"KCC_hjChoi","UpdateTime":"2023-08-09T10:23:55.7566667+09:00","Id":"B7E32541-C144-475E-A46F-F17141066655","CreateTime":"2023-08-09T10:23:55.7566667+09:00","Type":0,"Email":"hjchoi@kcc.co.kr","IsActive":true}}},{"invoice":{"InvoiceNumber":"455914","Vendor":"RO874231","Month":2.0,"Amount":395923.0,"Tax":79184.6,"Total":475108.0,"Currency":"EUR","UpdateTime":"2025-02-24T16:08:21.6846672+09:00","Id":"8C33DA0A-7818-4944-92FC-019536C9117D","CreateTime":"2025-02-24T16:08:21.6846672+09:00","RecordOwner":{"Name":"KCC_hjChoi","UpdateTime":"2023-08-09T10:23:55.7566667+09:00","Id":"B7E32541-C144-475E-A46F-F17141066655","CreateTime":"2023-08-09T10:23:55.7566667+09:00","Type":0,"Email":"hjchoi@kcc.co.kr","IsActive":true},"CreatedBy":{"Name":"KCC_hjChoi","UpdateTime":"2023-08-09T10:23:55.7566667+09:00","Id":"B7E32541-C144-475E-A46F-F17141066655","CreateTime":"2023-08-09T10:23:55.7566667+09:00","Type":0,"Email":"hjchoi@kcc.co.kr","IsActive":true},"UpdatedBy":{"Name":"KCC_hjChoi","UpdateTime":"2023-08-09T10:23:55.7566667+09:00","Id":"B7E32541-C144-475E-A46F-F17141066655","CreateTime":"2023-08-09T10:23:55.7566667+09:00","Type":0,"Email":"hjchoi@kcc.co.kr","IsActive":true}}},{"invoice":{"InvoiceNumber":"320016","Vendor":"RO345879","Month":3.0,"Amount":668915.0,"Tax":133783.0,"Total":812542.0,"Currency":"EUR","UpdateTime":"2025-02-24T16:08:21.6846672+09:00","Id":"B29F73E6-C304-4D6E-B682-019536C9117E","CreateTime":"2025-02-24T16:08:21.6846672+09:00","RecordOwner":{"Name":"KCC_hjChoi","UpdateTime":"2023-08-09T10:23:55.7566667+09:00","Id":"B7E32541-C144-475E-A46F-F17141066655","CreateTime":"2023-08-09T10:23:55.7566667+09:00","Type":0,"Email":"hjchoi@kcc.co.kr","IsActive":true},"CreatedBy":{"Name":"KCC_hjChoi","UpdateTime":"2023-08-09T10:23:55.7566667+09:00","Id":"B7E32541-C144-475E-A46F-F17141066655","CreateTime":"2023-08-09T10:23:55.7566667+09:00","Type":0,"Email":"hjchoi@kcc.co.kr","IsActive":true},"UpdatedBy":{"Name":"KCC_hjChoi","UpdateTime":"2023-08-09T10:23:55.7566667+09:00","Id":"B7E32541-C144-475E-A46F-F17141066655","CreateTime":"2023-08-09T10:23:55.7566667+09:00","Type":0,"Email":"hjchoi@kcc.co.kr","IsActive":true}}}]