[{"Name":"Alice","LoanAmount":5000,"YearlyIncome":20000,"Age":25,"ExistingCustomer":true,"Country":"USA"},{"Name":"Bob","LoanAmount":100000,"YearlyIncome":80000,"Age":55,"ExistingCustomer":true,"Country":"Canada"},{"Name":"Charlie","LoanAmount":15000,"YearlyIncome":30000,"Age":30,"ExistingCustomer":false,"Country":"UK"},{"Name":"Diana","LoanAmount":250000,"YearlyIncome":120000,"Age":60,"ExistingCustomer":false,"Country":"Australia"},{"Name":"Edward","LoanAmount":10000,"YearlyIncome":40000,"Age":45,"ExistingCustomer":true,"Country":"Germany"},{"Name":"Fiona","LoanAmount":200000,"YearlyIncome":50000,"Age":28,"ExistingCustomer":true,"Country":"France"},{"Name":"George","LoanAmount":30000,"YearlyIncome":60000,"Age":50,"ExistingCustomer":false,"Country":"Italy"},{"Name":"Hannah","LoanAmount":1000,"YearlyIncome":15000,"Age":20,"ExistingCustomer":false,"Country":"Spain"},{"Name":"Ian","LoanAmount":30000,"YearlyIncome":70000,"Age":65,"ExistingCustomer":true,"Country":"Netherlands"},{"Name":"Jack","LoanAmount":0,"YearlyIncome":25000,"Age":22,"ExistingCustomer":false,"Country":"Japan"}]